-- phpMyAdmin SQL Dump
-- version 5.2.1
-- https://www.phpmyadmin.net/
--
-- Máy chủ: 127.0.0.1
-- Thời gian đã tạo: Th12 04, 2024 lúc 03:31 PM
-- Phiên bản máy phục vụ: 10.4.32-MariaDB
-- Phiên bản PHP: 8.0.30

SET SQL_MODE = "NO_AUTO_VALUE_ON_ZERO";
START TRANSACTION;
SET time_zone = "+00:00";


/*!40101 SET @OLD_CHARACTER_SET_CLIENT=@@CHARACTER_SET_CLIENT */;
/*!40101 SET @OLD_CHARACTER_SET_RESULTS=@@CHARACTER_SET_RESULTS */;
/*!40101 SET @OLD_COLLATION_CONNECTION=@@COLLATION_CONNECTION */;
/*!40101 SET NAMES utf8mb4 */;

--
-- Cơ sở dữ liệu: `ql_diemrenluyen`
--

-- --------------------------------------------------------

--
-- Cấu trúc bảng cho bảng `account`
--

CREATE TABLE `account` (
  `id` bigint(20) UNSIGNED NOT NULL,
  `vaitro` int(11) NOT NULL,
  `password` varchar(255) NOT NULL,
  `remember_token` varchar(100) DEFAULT NULL,
  `created_at` timestamp NULL DEFAULT current_timestamp(),
  `updated_at` timestamp NULL DEFAULT current_timestamp(),
  `status` int(11) NOT NULL
) ENGINE=InnoDB DEFAULT CHARSET=utf8mb4 COLLATE=utf8mb4_unicode_ci;

--
-- Đang đổ dữ liệu cho bảng `account`
--

INSERT INTO `account` (`id`, `vaitro`, `password`, `remember_token`, `created_at`, `updated_at`, `status`) VALUES
(1000000000, 5, '$2a$13$eabD4vwvmqkr6JY8hdXdMu3qc/tzgt0A8IuCWEK9UKpS7/EwIFSy2', NULL, '2024-12-01 19:54:02', '2024-12-01 19:54:02', 1),
(1000000001, 3, '$2a$13$2e0oX5vWGOK02Pz4C70a4.XhRf0Sc0nKurEgUDZcs04/RWUU1AW5.', NULL, '2024-12-01 19:54:03', '2024-12-01 19:54:03', 1),
(1000000002, 3, '$2a$13$wh2N8lLDMbm23CKbKxm0B.1t9mAaq83BPqqvJmRsLc5qdA1Xr04iK', NULL, '2024-12-01 19:54:03', '2024-12-01 19:54:03', 1),
(1000000003, 3, '$2a$13$ahUx7f0tuEyoqrzTOGlSkOllif4FK.iyNaDGP/4n9GshyrXKj6M6G', NULL, '2024-12-01 19:54:04', '2024-12-01 19:54:04', 1),
(1000000004, 3, '$2a$13$PlRxjMKHQBFrc4iavi9mDu82jrXssV6l0rzntOVVieo8s6WA.xNqC', NULL, '2024-12-01 19:54:04', '2024-12-01 19:54:04', 1),
(1000000005, 3, '$2a$13$sbx4dNfFcLj089nech2qfeQGF2/BTGuyvQuMkQS7WOSEDTncfmHXS', NULL, '2024-12-01 19:54:05', '2024-12-01 19:54:05', 1),
(1000000006, 3, '$2a$13$9Wv0eG8xZuJGnkkHAvhFN.UYnuhIacH5NMmKL68DXjPOlozPgrAJe', NULL, '2024-12-01 19:54:06', '2024-12-01 19:54:06', 1),
(1000000007, 3, '$2a$13$RFKQZptXRW6zi3wb/HINg.dP05JtxHHlH0wC1HsJlPzs0tarCqxju', NULL, '2024-12-01 19:54:06', '2024-12-01 19:54:06', 1),
(1000000008, 3, '$2a$13$uWvM1t9kgu1NId8xCtjA1.kWdA5A4fsnUfz2Pp6Nhjw1iMKz4ySbK', NULL, '2024-12-01 19:54:07', '2024-12-01 19:54:07', 1),
(1000000009, 5, '$2a$13$X6n/FlgTaFrMYw0q2yHC9ezfoIDKUHrqYj775wP7t/ybeg0LsByFC', NULL, '2024-12-01 19:54:07', '2024-12-01 19:54:07', 1),
(1000000010, 3, '$2a$13$Dj.NIuW0TUmx9xVRN/1YHeQ.dbCpcOtsIXkPMxedwuqrX5VSXE1vS', NULL, '2024-12-01 19:54:08', '2024-12-01 19:54:08', 1),
(1000000011, 3, '$2a$13$zavLxjnvNA2iufDZub1k0OVsdyMn4cC9LenlDSvDARglDTub9.oMm', NULL, '2024-12-01 19:54:08', '2024-12-01 19:54:08', 1),
(1000000012, 3, '$2a$13$Jox7zCSF687x6qoCFyKrZu9qvNKm1XQPlVLBhhFUtDV0RZnsZOvQC', NULL, '2024-12-01 19:54:09', '2024-12-01 19:54:09', 1),
(1000000013, 3, '$2a$13$TD4ih5WQ.d9T5yuFTak78uWTJ7Y6iQ1tlGic1V3ykr1r2b2Gc2ySm', NULL, '2024-12-01 19:54:09', '2024-12-01 19:54:09', 1),
(1000000014, 3, '$2a$13$W0w.qrTg51kUR4aHu98gOeGWN/aEuRbImonaBVjAF5uTjFm2GlGc6', NULL, '2024-12-01 19:54:10', '2024-12-01 19:54:10', 1),
(1000000015, 3, '$2a$13$BESZ4omv1Y2U8CIXLQvpY.xREKbDhcDFWnEzmLHN7iXVcymx7wo0q', NULL, '2024-12-01 19:54:10', '2024-12-01 19:54:10', 1),
(1000000016, 3, '$2a$13$KEPnU5uJUZq/lnSPIXsl5efn1e7fL04fGMkak1SbNdfd.kOls/CE.', NULL, '2024-12-01 19:54:11', '2024-12-01 19:54:11', 1),
(1000000017, 3, '$2a$13$Y983tdekj.d7N97t3FR9fuwyeMS1uMSxf70zo1eL2ymljGUmtvMCm', NULL, '2024-12-01 19:54:11', '2024-12-01 19:54:11', 1),
(1000000018, 3, '$2a$13$oAHcRK0JKRA2fvdK7twfWOWMvX1IeL/OW3RgV2q/Kd9blQSJprRji', NULL, '2024-12-01 19:54:12', '2024-12-01 19:54:12', 1),
(1000000019, 3, '$2a$13$LxFP2aIftzDjH1Y3lVFZF.Br0/2vb1ZJjhOEDYonhbmD7sqeG7R/i', NULL, '2024-12-01 19:54:12', '2024-12-01 19:54:12', 1),
(1000000020, 2, '$2a$13$t4LahAi088jHF450S080buObf6x3EsNfZcjxXMTaecpQLFIvV2Gtu', NULL, '2024-12-01 17:00:00', '2024-12-02 15:09:48', 1),
(1000000021, 2, '$2a$13$1QPyPhuVyT43CG9veHbgeer4I/ztMKBYdU/PFJwNnrK3xcrHWS2hO', NULL, '2024-12-01 19:54:13', '2024-12-01 19:54:13', 1),
(1000000022, 2, '$2a$13$ehI06Rh0G/qB6PzzeqDpveb6VkslUnp8VRl/wq8JHXebl65/G1sG6', NULL, '2024-12-01 19:54:14', '2024-12-01 19:54:14', 1),
(1000000023, 2, '$2a$13$KEo9YFhuU6trqWspTK/SIO0vENw3yPD8GB6YcEuxyggiN1jL51a3O', NULL, '2024-12-01 19:54:14', '2024-12-01 19:54:14', 1),
(1000000024, 2, '$2a$13$enIftC/.4gKSnMHEZLawSOgPgVNgJnhLhun3UV3ZAaIEJhNQqR0xm', NULL, '2024-12-01 19:54:15', '2024-12-01 19:54:15', 1),
(1000000025, 2, '$2a$13$1yPJSyXMZqjcctCogbYGy.LslqftgYd9RDzwOHTslSlkuoVe4iRE2', NULL, '2024-12-01 19:54:15', '2024-12-01 19:54:15', 1),
(1000000026, 2, '$2a$13$8vqKQ14KpVTfdkgq6cb7OulFFGZ7Jncq3HDK01k3cKqKuOyhP/aM2', NULL, '2024-12-01 19:54:16', '2024-12-01 19:54:16', 1),
(1000000027, 2, '$2a$13$oRq2DjFWRiSYFFHwICVfP.pLxTPMxcxdNaILXPx688ZmJeviVKnUS', NULL, '2024-12-01 19:54:16', '2024-12-01 19:54:16', 1),
(1000000028, 2, '$2a$13$TJjtMBlwG43gyGsd9XtiVeMh2fwXwoBlNzN/XJAraZ3nklA4JUcBK', NULL, '2024-12-01 19:54:17', '2024-12-01 19:54:17', 1),
(1000000029, 2, '$2a$13$k.KopIlZlJMUxBLFZLaWmugFBWQb7wQCbb.fqNLjVPwz/1oOpcdS.', NULL, '2024-12-01 19:54:17', '2024-12-01 19:54:17', 1),
(1000000030, 3, '$2a$13$CM/pFI8a6tT53cvonm012OxdUaiBm8RAiaye8UR1yl8c17eZnQGc2', NULL, '2024-12-01 19:54:18', '2024-12-01 19:54:18', 1),
(1000000031, 3, '$2a$13$7SUR1fa3jPtJ9ndyQ5Vdjuase.WqNe2m4ugrBm.lngawp/N0jO/ZK', NULL, '2024-12-01 19:54:18', '2024-12-01 19:54:18', 1),
(1000000032, 3, '$2a$13$5mzMACaYhlOYI5T/./5NIOpkIfbt2g6bBpdNTQ4IivtHP/bGhrBcq', NULL, '2024-12-01 19:54:19', '2024-12-01 19:54:19', 1),
(1000000033, 3, '$2a$13$G1kp0ibHQy4u/r0BuQYr9e0KMrPYJurRcCbSgioOdXT2.MM6Pknq6', NULL, '2024-12-01 19:54:19', '2024-12-01 19:54:19', 1),
(1000000034, 3, '$2a$13$33f70ibQorBbFumh4eNz5em9efpKq8DP96A6Wipf9wlYuY9Kf/m1y', NULL, '2024-12-01 19:54:20', '2024-12-01 19:54:20', 1),
(1000000035, 3, '$2a$13$Cu8tDbgQx.GrQR5jcu.AW.RQJn0ad8kOmirdSwc.nFQqH974DyUXW', NULL, '2024-12-01 19:54:21', '2024-12-01 19:54:21', 1),
(1000000036, 3, '$2a$13$bj02sLk1Dz9n/UTaSVH1VO5ys8d2pV6G4K2hdSYbtdS9H4NtQ.cQG', NULL, '2024-12-01 19:54:21', '2024-12-01 19:54:21', 1),
(1000000037, 3, '$2a$13$qKWn3Ya.JWNTM./8lhp2GOlsGikr1icbRlMPMWXY61AiZAw8VCJ7u', NULL, '2024-12-01 19:54:22', '2024-12-01 19:54:22', 1),
(1000000038, 3, '$2a$13$LfVhRCWif5TLUvIkEvDZ8O3NfXsmrPVa1jSxMkZEADhCUrgo8aU.W', NULL, '2024-12-01 19:54:22', '2024-12-01 19:54:22', 1),
(1000000039, 3, '$2a$13$xgdoaxTLbOsQMxojbEcIWuOo30ugzX2ObdEr1jQ6eJaZBKpU4n2yC', NULL, '2024-12-01 19:54:23', '2024-12-01 19:54:23', 1),
(1000000040, 2, '$2a$13$4.DhcHnOQhvi21hw100ngujbqY27KnQLC0hL/tzCWjgTkyaPHdmqO', NULL, '2024-12-01 19:54:23', '2024-12-01 19:54:23', 1),
(1000000041, 2, '$2a$13$L/T1DMoMVyjSvP5Xi85UveXTBdxZZEZW2SlKSuB4a1t4YMUQOxvSG', NULL, '2024-12-01 19:54:24', '2024-12-01 19:54:24', 1),
(1000000042, 2, '$2a$13$P5r42ZOPO6lT/QsqN3.IlOftdFbGVd.ukhl/h11nJoZE5O1K3DFxm', NULL, '2024-12-01 19:54:24', '2024-12-01 19:54:24', 1),
(1000000043, 2, '$2a$13$Ctl4HDlgfMQwO7ecDFzzx.STraDu/2OKa/ooMx5sTzJjS85BZa8eW', NULL, '2024-12-01 19:54:25', '2024-12-01 19:54:25', 1),
(1000000044, 2, '$2a$13$5qJ39yaFHZANakqX8DKemO31tfOTu6Qdgx53k2yQ6NQXNVu4FpXMi', NULL, '2024-12-01 19:54:25', '2024-12-01 19:54:25', 1),
(1000000045, 2, '$2a$13$PudOVDWTc4Ji4hBpc6J7eepnjCxaiHEM/k7VrAKD/Lf/UwI6BC04a', NULL, '2024-12-01 19:54:26', '2024-12-01 19:54:26', 1),
(1000000046, 2, '$2a$13$Lplg/4qdJkJxdHxmhiXOZeXmCtsw94BNtDqDpXN4fage1XWeIBKN6', NULL, '2024-12-01 19:54:26', '2024-12-01 19:54:26', 1),
(1000000047, 2, '$2a$13$e0CtGKC07mBM4Tbv3q.dHedYxNYjjhs90YJoLWll8fExqcrp7JDP2', NULL, '2024-12-01 19:54:27', '2024-12-01 19:54:27', 1),
(1000000048, 2, '$2a$13$QxRcXUThnsCKJKfDHUEN1.MprAG8zf0a9Mb3I2Nhx4XdBMrLd7Gzy', NULL, '2024-12-01 19:54:27', '2024-12-01 19:54:27', 1),
(1000000049, 2, '$2a$13$SfF65FHSQpXdiaLNVXebg.gyTSYhD/eehZuouLOot.QeWJq0Htf9m', NULL, '2024-12-01 19:54:28', '2024-12-01 19:54:28', 1),
(1000000050, 2, '$2a$13$VP1wyVqMlSa4sgCFhP7SqOLrtQ5YUwCnKT814FuPkARSUOtxrzGHO', NULL, '2024-12-01 19:54:28', '2024-12-01 19:54:28', 1),
(1000000051, 2, '$2a$13$DtC9u4CQ6pBJXrdRtJgEJeXOex40s1LqyITu077fipAOjIVjutXl2', NULL, '2024-12-01 19:54:29', '2024-12-01 19:54:29', 1),
(1000000052, 2, '$2a$13$KGdHZ6OLXFe5hhgxXZk/nuQ638y8L5UaYfGeGisP.6fG.wHIAwX5K', NULL, '2024-12-01 19:54:29', '2024-12-01 19:54:29', 1),
(1000000053, 2, '$2a$13$poG4/oA7xv8wnRDU4cKDT.W8RLml/lZ5kOxzawzW8p9nKfDTEgDt6', NULL, '2024-12-01 19:54:30', '2024-12-01 19:54:30', 1),
(1000000054, 2, '$2a$13$CzIqupOWGiFDRaecqbvzf.HxgdZR0tDVBs6Et/k5gAeDbKXz3fUPG', NULL, '2024-12-01 19:54:30', '2024-12-01 19:54:30', 1),
(1000000055, 2, '$2a$13$.kN844iLuFhx/ZKw.WmoW.0Wk6hpzUj7PNnthSj/bK8uj3YlyeiaO', NULL, '2024-12-01 19:54:31', '2024-12-01 19:54:31', 1),
(1000000056, 2, '$2a$13$j73DMkZ3qR/lrsJRunf3S.QwGBHlnmqGnSatZEHpM74UbBRImCFSS', NULL, '2024-12-01 19:54:31', '2024-12-01 19:54:31', 1),
(1000000057, 2, '$2a$13$JmNyjwd/1bIEbJa4X36ZjOqeInrntP1WaSQgZA89kYqTkl9qxkw4S', NULL, '2024-12-01 19:54:32', '2024-12-01 19:54:32', 1),
(1000000058, 2, '$2a$13$frFjob99j2pdTS0zCl.9MujhgJpoooFjQCbLWpMCGupgjbFairea6', NULL, '2024-12-01 19:54:33', '2024-12-01 19:54:33', 1),
(1000000059, 2, '$2a$13$6QcwXveYJuR2J9zienXNHepaf5Ne9btordSgUZevWNiDABKCjkQCi', NULL, '2024-12-01 19:54:33', '2024-12-01 19:54:33', 1),
(1000000060, 2, '$2a$13$W957EBJzXdXhb3rusDLpHeYStmZsErxl3axpCc.TxiMZIPxpWXBf.', NULL, '2024-12-01 19:54:34', '2024-12-01 19:54:34', 1),
(1000000061, 2, '$2a$13$jnskTsyt4TBLM8Ee/CFLWekGnM9j7.RUcCvAHplTt5miIOrrGF50i', NULL, '2024-12-01 19:54:34', '2024-12-01 19:54:34', 1),
(1000000062, 2, '$2a$13$hO9B3PhHEH6hb0hAfN9L0uX0s4mcWwcboOdjJH9Yz0NMqHi.fbLZa', NULL, '2024-12-01 19:54:35', '2024-12-01 19:54:35', 1),
(1000000063, 2, '$2a$13$jyP4Rm4ZDvlwv0ftUu0mnuaMK/r6TjCmDHlL0hJoXsc9VoolsU5ku', NULL, '2024-12-01 19:54:35', '2024-12-01 19:54:35', 1),
(1000000064, 2, '$2a$13$P/5GSY/710dLBDwOxNkWIOWvM4nPPDmHRYQGkOtUlp8QpNzFMEuN.', NULL, '2024-12-01 19:54:36', '2024-12-01 19:54:36', 1),
(1000000065, 2, '$2a$13$nsGFqykJPCnbnWaFy6Vbg.5l0EuvFPNueuLO7bTIH5ofW28NNVyUK', NULL, '2024-12-01 19:54:36', '2024-12-01 19:54:36', 1),
(1000000066, 2, '$2a$13$4UFx5rYAlksGWzr4kdvha.qrw4xgqmiN/vHWUeU.32hJgh0fda8tG', NULL, '2024-12-01 19:54:37', '2024-12-01 19:54:37', 1),
(1000000067, 2, '$2a$13$ufQJH.fbxs6ieXUJ9Yo0BubcLx7TKWQUk/tierQxIg6kCYdlbvCCq', NULL, '2024-12-01 19:54:37', '2024-12-01 19:54:37', 1),
(1000000068, 2, '$2a$13$W6.3DPAKh9t4XI4rdQmR4evbfqVxFBn19wuh30Da3B7Zc0R1Ni01.', NULL, '2024-12-01 19:54:38', '2024-12-01 19:54:38', 1),
(1000000069, 2, '$2a$13$X13be1lGB7fhn.fzn6NRN.ttNZT3eXVdVX6w9fv02dzmmyMM7ywQa', NULL, '2024-12-01 19:54:38', '2024-12-01 19:54:38', 1),
(1000000070, 2, '$2a$13$4ifLlNOY.LD2RFTAiiv.B.FisCqmuFkMHPZJoaVAiDvH5X1D2wK2q', NULL, '2024-12-01 19:54:39', '2024-12-01 19:54:39', 1),
(1000000071, 2, '$2a$13$ddDhV.l2YMTLcNlTjdbcTux.iLJCbgmyF9FIIHs801EvC4ffFKAbO', NULL, '2024-12-01 19:54:39', '2024-12-01 19:54:39', 1),
(1000000072, 2, '$2a$13$0y9c62IX6M2FkdKyvBYOr.ZISxD7C.y5WlRzLZAmJ5AMprNirSZ2a', NULL, '2024-12-01 19:54:40', '2024-12-01 19:54:40', 1),
(1000000073, 2, '$2a$13$UX9q6yWdmJuRBzd4x/g5s.57XaK.wKqWwXWILdqqle3k7stc/tEpe', NULL, '2024-12-01 19:54:40', '2024-12-01 19:54:40', 1),
(1000000074, 2, '$2a$13$mGQP5CrSgTc77izLxLJso.toT.dsKO/BvV02W7QWyDb7V94emb.Qq', NULL, '2024-12-01 19:54:41', '2024-12-01 19:54:41', 1),
(1000000075, 2, '$2a$13$ky4f6QC98E0kJimbW7yFK.PUy4.eisam8Yq3QCmdLIY7.6x3E4sw2', NULL, '2024-12-01 19:54:41', '2024-12-01 19:54:41', 1),
(1000000076, 2, '$2a$13$0iGmwXQqKbImaTwi7aydUO/oXUF9bBPMfASXVuQam/Yp9qCGdXgAW', NULL, '2024-12-01 19:54:42', '2024-12-01 19:54:42', 1),
(1000000077, 2, '$2a$13$2kCLvkrcu0iz6n4XeulMku.76QF8ijh/vWlSex.uDvxjeGSOqZ4fa', NULL, '2024-12-01 19:54:42', '2024-12-01 19:54:42', 1),
(1000000078, 2, '$2a$13$yhPxW3nZDzaevpdrRFIFJuGlXxLdMBsqC9Y3SoZxitAcdyb0xRd9G', NULL, '2024-12-01 19:54:43', '2024-12-01 19:54:43', 1),
(1000000079, 2, '$2a$13$Se3Zs2g8hq9ZV42vC3/vA.yJErCElHE7sUP0X6SiEknx5XCQzxTS6', NULL, '2024-12-01 19:54:44', '2024-12-01 19:54:44', 1),
(1000000080, 2, '$2a$13$rEWpjOJ5TQv1Ti8Wk/eYD.bipkvxu/Jmd09967WIPSg5Y9nVinPMm', NULL, '2024-12-01 19:54:44', '2024-12-01 19:54:44', 1),
(1000000081, 2, '$2a$13$oJ.4DwD6B4tuBz0fhEw.9ugg5Jy0tFXIdwjVM9ALLvQ/c43xg.w82', NULL, '2024-12-01 19:54:45', '2024-12-01 19:54:45', 1),
(1000000082, 2, '$2a$13$A6Ubqi9XniC1qhzuuDapTuu1JZQcRtKCFpfOtBGf32HW5aUlFIDu2', NULL, '2024-12-01 19:54:45', '2024-12-01 19:54:45', 1),
(1000000083, 2, '$2a$13$PCMnWyz/av1i0ZiH/JiyF.HCuII9LOQY9Eb18ulNUYenWEhonjsnG', NULL, '2024-12-01 19:54:46', '2024-12-01 19:54:46', 1),
(1000000084, 2, '$2a$13$w/fOBS4N0SkCX0kx.yt3muCvbO7.nLFxyUR/y5t7roxXSOvtVSOXW', NULL, '2024-12-01 19:54:46', '2024-12-01 19:54:46', 1),
(1000000085, 2, '$2a$13$xCLCNt.ocbetk4HByYx/XOItXZ4F6x8JfFbMR.PX8agmoHLb1Hy0O', NULL, '2024-12-01 19:54:47', '2024-12-01 19:54:47', 1),
(1000000086, 2, '$2a$13$jWp6wVKeu5vzCiwTTWcHEOtMAAAN21bRcMVhW9VUmi4BT20cmlyRW', NULL, '2024-12-01 19:54:47', '2024-12-01 19:54:47', 1),
(1000000087, 2, '$2a$13$0cMwgd5AyAHpfn2I2cKz0O90j6ioezzNNOlXaSCjQpvCmSIG2yNMi', NULL, '2024-12-01 19:54:48', '2024-12-01 19:54:48', 1),
(1000000088, 2, '$2a$13$vluTOIlcOd.cnrVTAo42jum8i9KnJ2ph12T9DvjDtgW513IBALfyK', NULL, '2024-12-01 19:54:48', '2024-12-01 19:54:48', 1),
(1000000089, 2, '$2a$13$9es/RT1sc4Nez9ypDYJIQuAoZA.EdrlCTwu1fmNoahFCkBi5SQ.am', NULL, '2024-12-01 19:54:49', '2024-12-01 19:54:49', 1),
(1000000090, 2, '$2a$13$SCxX59S1DYj6gNjIsLcvRuk0ObhFS.5o4adu27uUCEQ7pWgUnPufa', NULL, '2024-12-01 19:54:50', '2024-12-01 19:54:50', 1),
(1000000091, 2, '$2a$13$FauM2OsiPLXtsT.6ksU8neEi/3PQju6avBtbek5zBXYLxNtBI2t3m', NULL, '2024-12-01 19:54:50', '2024-12-01 19:54:50', 1),
(1000000092, 2, '$2a$13$oRDAY8H4aQUnValUvMRlWeT.Q767t9TuAnAW5k8VzVHft3yuaHMPq', NULL, '2024-12-01 19:54:51', '2024-12-01 19:54:51', 1),
(1000000093, 2, '$2a$13$cCU7Y/90E3UZB/BtPyTlGOp67NyhSkPCSlfdibBAvrA20xPqpDW1.', NULL, '2024-12-01 19:54:51', '2024-12-01 19:54:51', 1),
(1000000094, 2, '$2a$13$5yU26P7PmR1Tq3TKASQRvOKhu4.JNoqcLMTM3qFDQTocA4FinOE.q', NULL, '2024-12-01 19:54:52', '2024-12-01 19:54:52', 1),
(1000000095, 2, '$2a$13$TMbLKSve6B4H9pacCGQMgeNagmQBfCnYblwwjqR8yF7ouAcdzPlYC', NULL, '2024-12-01 19:54:52', '2024-12-01 19:54:52', 1),
(1000000096, 2, '$2a$13$wxPDZ4iJ57dqpBeJwwyjn.A6sYPUdxN7empKg3Hgz6tx5MpchgMZy', NULL, '2024-12-01 19:54:53', '2024-12-01 19:54:53', 1),
(1000000097, 2, '$2a$13$bQ0E9b7agjkrlRDLPiFjPeGoYArOfnod9kpYoQArLZhaBURzgv/fq', NULL, '2024-12-01 19:54:54', '2024-12-01 19:54:54', 1),
(1000000098, 2, '$2a$13$vS2LLsuT57z2/gzvqrzlbODsZMKnZCbUaUW4sSIJVFaH5lfBlsAXS', NULL, '2024-12-01 19:54:54', '2024-12-01 19:54:54', 1),
(1000000099, 2, '$2a$13$5FmLuH/95yGTi4i3oHsaf.yo1Cd747B2MK7cGkQSocs0PoFc4UmPS', NULL, '2024-12-01 19:54:55', '2024-12-01 19:54:55', 1),
(1000000100, 2, '$2a$13$yhAQ/QM2ld4CxXOd8td.Y.0Aj5S0WBh0/pM9deJGyobljdpk3Hfy2', NULL, '2024-12-01 19:54:55', '2024-12-01 19:54:55', 1),
(1000000101, 2, '$2a$13$UwxU51NuiwFFS/ycBDiX3euen2iVObS2Fk3T3KtHj2xQWoOfMpd0y', NULL, '2024-12-01 19:54:56', '2024-12-01 19:54:56', 1),
(1000000102, 2, '$2a$13$pTfyK9Z7emxg72Bi7C2f7eAvlsAMQ8aiDNf7YIixTjdWOSs3FzZ8.', NULL, '2024-12-01 19:54:57', '2024-12-01 19:54:57', 1),
(1000000103, 2, '$2a$13$5s7ERKMBvpX2CXTPvPP7nesRUmzYfKcCeuk21NFN7wKkCs7Ip.3.u', NULL, '2024-12-01 19:54:57', '2024-12-01 19:54:57', 1),
(1000000104, 2, '$2a$13$U1PGUsw.YMmDz.qsWxtKTuLWgjlV33A24.kZyUvudiUmu.RO.A8RO', NULL, '2024-12-01 19:54:58', '2024-12-01 19:54:58', 1),
(1000000105, 2, '$2a$13$c.BEEjKkCNimuypI0oUchug0icbGX76y4ulBC08pR99/y52Qx.Mf2', NULL, '2024-12-01 19:54:58', '2024-12-01 19:54:58', 1),
(1000000106, 2, '$2a$13$34mx3G5qprumltPOBnEOyOaIinfKIDKUCDU8/8BzieV/CzOMKsDXa', NULL, '2024-12-01 19:54:59', '2024-12-01 19:54:59', 1),
(1000000107, 2, '$2a$13$Ksiwc7kYAam4s47S6Y8SL.Do0RNPObHe.twzmtt9367BONT3qqmcy', NULL, '2024-12-01 19:54:59', '2024-12-01 19:54:59', 1),
(1000000108, 2, '$2a$13$OsiXYj.FMyCTUGYV.fkM/eD.t/F9zMzMqS4ZmB00ylFgQVG7fatk6', NULL, '2024-12-01 19:55:00', '2024-12-01 19:55:00', 1),
(1000000109, 2, '$2a$13$Ml9jbLAgPa4TAFqFHBvUVeEWHHOU8ML3/atJ/BylKv2yHIJ.VUOKC', NULL, '2024-12-01 19:55:01', '2024-12-01 19:55:01', 1),
(1000000110, 2, '$2a$13$Gmy1k2P2SGOBcLuivU/BAupn67xgaCjhVwSZss7BSAqqkJIsQyUoa', NULL, '2024-12-01 19:55:01', '2024-12-01 19:55:01', 1),
(1000000111, 2, '$2a$13$8E0DQRNB5MhTFETtLTY.yuIyGnm198wgEkS7Q5tCPUMsksjSo98SO', NULL, '2024-12-01 19:55:02', '2024-12-01 19:55:02', 1),
(1000000112, 2, '$2a$13$YAsRp7QNGPQQdEzu/R4vzu17Nwy/FXVnzoegqsFQIudUunBRjycIe', NULL, '2024-12-01 19:55:02', '2024-12-01 19:55:02', 1),
(1000000113, 2, '$2a$13$TWJ95t0ZJJmjLheIk0RR0Oy2gnu4zp9cQbkXM/p72rdeUoCRnUscm', NULL, '2024-12-01 19:55:03', '2024-12-01 19:55:03', 1),
(1000000114, 2, '$2a$13$/VTNiAvhfLxzgnqALfSrbOaZvW1zUkvMSmRAjSRGqWxi4OGPFlTOy', NULL, '2024-12-01 19:55:03', '2024-12-01 19:55:03', 1),
(1000000115, 2, '$2a$13$/CiVDVXiBzM12Q5k2.ausO1JAbqD6gQP87uyX0u5cXI97WvrUQn9O', NULL, '2024-12-01 19:55:04', '2024-12-01 19:55:04', 1),
(1000000116, 2, '$2a$13$8EtZP2KrCKwWoaMY9WDyc.mwhaSDtHAqrY7jUDfvDAvOXTPN9EiCG', NULL, '2024-12-01 19:55:04', '2024-12-01 19:55:04', 1),
(1000000117, 2, '$2a$13$stVWuQffl7O7vZg2NRiYXetOVPistAN/ydbvvZNzmhgo6q0zycllO', NULL, '2024-12-01 19:55:05', '2024-12-01 19:55:05', 1),
(1000000118, 2, '$2a$13$sWLroIAZtS91cEcQsBwtEeDLgvA.D0cmmQnQyjFRwwHKiF69uFZJ.', NULL, '2024-12-01 19:55:06', '2024-12-01 19:55:06', 1),
(1000000119, 2, '$2a$13$8NOeBS7N5WbTRlXSTERSvug7fS6jwrAxaQDCsfV5ldM9QESEsRGee', NULL, '2024-12-01 19:55:06', '2024-12-01 19:55:06', 1),
(1000000120, 2, '$2a$13$RXXGm2auBlO7fDsw69lE/./xBCqqOumJ9LI2XGSvf8mjy1NxSEuUy', NULL, '2024-12-01 19:55:07', '2024-12-01 19:55:07', 1),
(1000000121, 2, '$2a$13$kHwIcgLlgOZwsLowWyXUSuxo84DQWEpTpI2QwVmWoWIKpsMCexgyq', NULL, '2024-12-01 19:55:08', '2024-12-01 19:55:08', 1),
(1000000122, 2, '$2a$13$adU4n6i.wb94w/bROgVPIuNIbt8I7Wcsylgy/isuAqj.4IUSZQO1O', NULL, '2024-12-01 19:55:09', '2024-12-01 19:55:09', 1),
(1000000123, 2, '$2a$13$BN8yfhQfY79wXn8TdKXLMujVE4NYWQND3gNyaQr0vaNrvdw9K/MDW', NULL, '2024-12-01 19:55:09', '2024-12-01 19:55:09', 1),
(1000000124, 2, '$2a$13$vR66t0u.J8R8H4GXFgY6RewqO.hc0k82IEOLat0fEyfC/yFou1gG2', NULL, '2024-12-01 19:55:10', '2024-12-01 19:55:10', 1),
(1000000125, 2, '$2a$13$.jqAP6uAoCX4yqQRMQ.pUuXGJ2I0Wz.rZuriWUiRoe8/crU48cHRC', NULL, '2024-12-01 19:55:11', '2024-12-01 19:55:11', 1),
(1000000126, 2, '$2a$13$rLSDcZmsZB5l7QQd2G331ePzBSAqAGA1BLyxpmXIQkDKZy7lDhTz.', NULL, '2024-12-01 19:55:11', '2024-12-01 19:55:11', 1),
(1000000127, 2, '$2a$13$zC47pMxX4KgIPKW1508oc.An2pDkpUhXo92.zXcIB1RbQcp.r4ioe', NULL, '2024-12-01 19:55:12', '2024-12-01 19:55:12', 1),
(1000000128, 2, '$2a$13$JyKmhTsKjxNDSISVVAy7v.BNfm/BKvAAlzY7Pypi1SLEoDQCixCo2', NULL, '2024-12-01 19:55:12', '2024-12-01 19:55:12', 1),
(1000000129, 2, '$2a$13$5EdqwxvJG519HYppkn687eyU0XNE1HISnTJd3Ywba8F1EkSi0is0i', NULL, '2024-12-01 19:55:13', '2024-12-01 19:55:13', 1),
(1000000130, 2, '$2a$13$lZRHm8xxXoQnvStES1zinuk6XxcSkMU/geA72p83N.X.eoTy5fXoO', NULL, '2024-12-01 19:55:13', '2024-12-01 19:55:13', 1),
(1000000131, 2, '$2a$13$kQPqpz0NqfK4oOBciRbES.RwxsKZteKR4N9oal8oCdBst6RCownIq', NULL, '2024-12-01 19:55:14', '2024-12-01 19:55:14', 1),
(1000000132, 2, '$2a$13$B/BJgOAv1o6MKxWZtnt/j.pFEJD7bMLHGC1sSWh.jibmHYLCGAfZu', NULL, '2024-12-01 19:55:15', '2024-12-01 19:55:15', 1),
(1000000133, 2, '$2a$13$ia5P.aJ8qNQC7wkVOMd/MerdHuY5K1y0rUjQUSWienImNlUWhAHhe', NULL, '2024-12-01 19:55:15', '2024-12-01 19:55:15', 1),
(1000000134, 2, '$2a$13$ISUnaT49Vh0vhyIZ25XLvuSHiQMghMJfWFYFppCbcRYFgXlGRVRG6', NULL, '2024-12-01 19:55:16', '2024-12-01 19:55:16', 1),
(1000000135, 2, '$2a$13$DgbE50P.KSql4VIm87Nm2ez/KX04tKW1m.SD02Mvcw4XWQ/..I0wS', NULL, '2024-12-01 19:55:16', '2024-12-01 19:55:16', 1),
(1000000136, 2, '$2a$13$cWn/upvlrCFXq0GgQIYEi.68YBTE1wIfcjcFXRfEmxG2mBjHhmEyS', NULL, '2024-12-01 19:55:17', '2024-12-01 19:55:17', 1),
(1000000137, 2, '$2a$13$RfYQ.Zii4T9yG./iVj8VduHE.K46M0uOvfvi8lRTXUYjhRnvluFya', NULL, '2024-12-01 19:55:18', '2024-12-01 19:55:18', 1),
(1000000138, 2, '$2a$13$0Xr2VGZBjybMO4tLx1pldOZg7FVMbv6LqDEL3/bG4JMkR7xT5xcpO', NULL, '2024-12-01 19:55:18', '2024-12-01 19:55:18', 1),
(1000000139, 2, '$2a$13$iFQHnVqhiWquTzDXZtTz2uIP43eBDXUlBMowhIN/5u9DxH3XnovfK', NULL, '2024-12-01 19:55:19', '2024-12-01 19:55:19', 1),
(1000000140, 2, '$2a$13$0qKm5QQQHp.qyNwmus2GgOfwd2qe9usDxuQN7sHLmNiuF2Pu97m.2', NULL, '2024-12-01 19:55:19', '2024-12-01 19:55:19', 1),
(1000000141, 2, '$2a$13$pW3xt7kFPaORq6vgVvN33emEvLSHcuZP3j1KhcamuWDlJftTFnntK', NULL, '2024-12-01 19:55:20', '2024-12-01 19:55:20', 1),
(1000000142, 2, '$2a$13$pui/WTDfaTGydDKVeklWC.BmceVuCwTVppwoq/cqftdnEHChEkAWy', NULL, '2024-12-01 19:55:21', '2024-12-01 19:55:21', 1),
(1000000143, 2, '$2a$13$lycYrPyBRjD6aDkFuTexf.4b8dDxfEsNzFOK/eqdKBSCltpwDlUwe', NULL, '2024-12-01 19:55:21', '2024-12-01 19:55:21', 1),
(1000000144, 2, '$2a$13$aaVViiCgvSuYmJe1ingBuu3sAt8Lm980ctRIbZ5Mbed5E7I5I/e5i', NULL, '2024-12-01 19:55:22', '2024-12-01 19:55:22', 1),
(1000000145, 2, '$2a$13$wU7nlvI7KCyTIub2hrYMSeryNdmR6CN4THTF91tQNGHk/yJBNmgK.', NULL, '2024-12-01 19:55:22', '2024-12-01 19:55:22', 1),
(1000000146, 2, '$2a$13$0JKQOjv75.rSt/PhMP8j8.h01LBO1O8CHUjEKUC9sQeQpEIjSlTzm', NULL, '2024-12-01 19:55:23', '2024-12-01 19:55:23', 1),
(1000000147, 2, '$2a$13$091Y1o8LQr.JXfB2MJ1mReS4jko5Ixl.PJ33QKjlJYO6Ji2KEK2p2', NULL, '2024-12-01 19:55:23', '2024-12-01 19:55:23', 1),
(1000000148, 2, '$2a$13$Ps3IoKlU9yIGTc8vdDtxpuFHMsudGRtTYVA9QhfRSivRPLoOWdDm6', NULL, '2024-12-01 19:55:24', '2024-12-01 19:55:24', 1),
(1000000149, 2, '$2a$13$h9zNUHcfnYWomeauZlyg2O/uJaDXveKm3NWh7x2qY/QHuLpQWYCaS', NULL, '2024-12-01 19:55:24', '2024-12-01 19:55:24', 1),
(1000000150, 2, '$2a$13$PK2SAGQ/kROkJGsR/AtoEOLcBz0Tlve/8LGy5aIlUeSKiWoScr3MG', NULL, '2024-12-01 19:55:25', '2024-12-01 19:55:25', 1),
(1000000151, 2, '$2a$13$ODM.dLM8rmsZzXrDnNZJ0.xIoPn/UY4wkiPlvZ0DYgqT6oD1Z4FuO', NULL, '2024-12-01 19:55:26', '2024-12-01 19:55:26', 1),
(1000000152, 2, '$2a$13$3UkvB2yNPFoWqfnlx1wDqeD9M.7QupptvRpis56Nelllbnyn0ez8S', NULL, '2024-12-01 19:55:27', '2024-12-01 19:55:27', 1),
(1000000153, 2, '$2a$13$DRXNguJOycCUbThIMOIdcuqYEi1Gfda48xoxS3ERuqJAJmwOEEeA2', NULL, '2024-12-01 19:55:27', '2024-12-01 19:55:27', 1),
(1000000154, 2, '$2a$13$GRHsZjQHocJF3gxNrS/IOe3nD/R1xWTJgUxMueVMbV6RhFhSs19sO', NULL, '2024-12-01 19:55:28', '2024-12-01 19:55:28', 1),
(1000000155, 2, '$2a$13$QSA6OLGK5O8PsI4icVkSleyzzGd9I7NmzD258XywqKa13WpY5uYZK', NULL, '2024-12-01 19:55:29', '2024-12-01 19:55:29', 1),
(1000000156, 2, '$2a$13$B4CZu267KsYqcb2gkacWjOPMkxb7xBRU9bKOWu1TyJPs2V/1uGsPy', NULL, '2024-12-01 19:55:29', '2024-12-01 19:55:29', 1),
(1000000157, 2, '$2a$13$SLbHqRQ8TxFnIa328kYcs.bYyMISRrWxnxr9ILCW1lWTAK1TlTNmu', NULL, '2024-12-01 19:55:30', '2024-12-01 19:55:30', 1),
(1000000158, 2, '$2a$13$WJxVH/w3jm8gQY/bXLa.M.njBlYU.VKU7uHNJQcC2COHz5sGqPwUq', NULL, '2024-12-01 19:55:31', '2024-12-01 19:55:31', 1),
(1000000159, 2, '$2a$13$/gm2pb3HglihyuSlBIecje2E/G4y738iD3TDn4fjKQ5.r0jyZfXmC', NULL, '2024-12-01 19:55:31', '2024-12-01 19:55:31', 1),
(1000000160, 3, '$2a$13$bvGKQhI8v7rcBpQsj40T2Olxg8A6xRagKJSquXLiUk2tXpCXTNgn2', NULL, '2024-12-01 19:55:32', '2024-12-01 19:55:32', 1),
(1000000161, 3, '$2a$13$WPbVcLBWiSAfxjHcHLI3x.VqkTRjGwp7M4bd93I0zmJTgX7sw6f3y', NULL, '2024-12-01 19:55:33', '2024-12-01 19:55:33', 1),
(1000000162, 3, '$2a$13$98FW69qVTjsQulMJ5yPode2s8DzpEkyKH7uVHzg3.m0u2tlwDs.Li', NULL, '2024-12-01 19:55:33', '2024-12-01 19:55:33', 1),
(1000000163, 3, '$2a$13$CCQps6WTc68Yf0OJk8gmverowlnM1LA2e8BRvP2CMV.FG0xf3.lXq', NULL, '2024-12-01 19:55:34', '2024-12-01 19:55:34', 1),
(1000000164, 3, '$2a$13$y/zmJRMdzsVnA06wgLObpOaX3A1P8X8.CxAjdIhEgADBHOfByDsJ6', NULL, '2024-12-01 19:55:34', '2024-12-01 19:55:34', 1),
(1000000165, 3, '$2a$13$d3jrClzHY17hLruxW2qcTeOebfQdCpgbNOzQO30smJmqYNhb8s4di', NULL, '2024-12-01 19:55:35', '2024-12-01 19:55:35', 1),
(1000000166, 3, '$2a$13$wBq2IoRVYOAA8i.C3yqFL.klVQhze5fq9qmqDySBvY7j.fnUjW3jK', NULL, '2024-12-01 19:55:36', '2024-12-01 19:55:36', 1),
(1000000167, 3, '$2a$13$fuWDq8WD9fOJIQ9XwGGOceB4o3ICNEMyXo75DipLtYw5DQKBCv4tS', NULL, '2024-12-01 19:55:36', '2024-12-01 19:55:36', 1),
(1000000168, 3, '$2a$13$L0bFAymsaFTre8NdHk1MJenHRBT/bbUO6Om4/NxeOvFuMSl5Gntwa', NULL, '2024-12-01 19:55:37', '2024-12-01 19:55:37', 1),
(1000000169, 3, '$2a$13$Y7CY8t2Y0g4S5zvoNFb0Fub2jfF00.sRDUqktXodaNZb0mcTuHRZK', NULL, '2024-12-01 19:55:37', '2024-12-01 19:55:37', 1),
(1000000170, 2, '$2a$13$GHq84V/S1vTs7pq6qWEReOgHcWXpKvAwyQNQbCOHWAQguQLvLPHwW', NULL, '2024-12-01 19:55:38', '2024-12-01 19:55:38', 1),
(1000000171, 2, '$2a$13$wEfMxueUOwTvHexmMiq2FeBgbaPYxPg.VCjv.wJ07UndWk0hhj8qK', NULL, '2024-12-01 19:55:39', '2024-12-01 19:55:39', 1),
(1000000172, 2, '$2a$13$x32n/JvNqQ/fsimB.TeJtekvq8sP/3RiGQN3iupUCWXFoTuOE31DK', NULL, '2024-12-01 19:55:40', '2024-12-01 19:55:40', 1),
(1000000173, 2, '$2a$13$VQdgDcN5JJjmFObD1IosTeDVihPtNQXnGbc3YgfIejP2qqZMvW9m6', NULL, '2024-12-01 19:55:41', '2024-12-01 19:55:41', 1),
(1000000174, 2, '$2a$13$7Lldo6x4qRHMkb9uvIjtvOQe8JFHvSZ0wOO2NBkQPATNecU.NNSG2', NULL, '2024-12-01 19:55:41', '2024-12-01 19:55:41', 1),
(1000000175, 2, '$2a$13$PBZUusNxMuxzYBxmU7aw9uzhD1X51ok1Mjcl/mcU7h80YksaOa6nu', NULL, '2024-12-01 19:55:42', '2024-12-01 19:55:42', 1),
(1000000176, 2, '$2a$13$Rs6xVOFaK1f3OAkHFcjXXuNxube0auRvpDFN6t7smTvT2piXHdiT2', NULL, '2024-12-01 19:55:43', '2024-12-01 19:55:43', 1),
(1000000177, 2, '$2a$13$mF7IYwLak/F9nNmLvjDLZOxHyAG3Y/PePTFOUgyvrDBaKzB9sM5uK', NULL, '2024-12-01 19:55:43', '2024-12-01 19:55:43', 1),
(1000000178, 2, '$2a$13$Z.ADPKovyUQv1791cPf5eOmhffl5Z0O.r8XWPGNw12K1jebdwRLRC', NULL, '2024-12-01 19:55:44', '2024-12-01 19:55:44', 1),
(1000000179, 2, '$2a$13$/XBvgBnU4CGWdTcLGIQrcer8OLLgg.0sWhIJH3WA.xdzbb1nGLNRm', NULL, '2024-12-01 19:55:45', '2024-12-01 19:55:45', 1),
(1000000180, 2, '$2a$13$tP5L5/A4ZddtrEMEM32YW.r6UgBnILnA8Iy6xZdVECuk0nyzBrb5C', NULL, '2024-12-01 19:55:46', '2024-12-01 19:55:46', 1),
(1000000181, 2, '$2a$13$loDMaLVU8pUhi0AgrLcdYeBpTX0UxS.Mx7mMpc8OEODX2m1X1fLwO', NULL, '2024-12-01 19:55:46', '2024-12-01 19:55:46', 1),
(1000000182, 2, '$2a$13$ulWkDSEDFCLkn4mugQo9OuCIEWbV21DMWk6pyeN4Uy1OLuw0VIgwa', NULL, '2024-12-01 19:55:47', '2024-12-01 19:55:47', 1),
(1000000183, 2, '$2a$13$bYdnC3PaY4x.8oyhrpjdk.DffAZsT2cqGB4HYIRGzea6TEVGpIHmq', NULL, '2024-12-01 19:55:48', '2024-12-01 19:55:48', 1),
(1000000184, 2, '$2a$13$.0FssnBZUYMg1EGn4K1fKewS1X5UeJX4DJUnLc0DBBoQjArbBtsqu', NULL, '2024-12-01 19:55:48', '2024-12-01 19:55:48', 1),
(1000000185, 2, '$2a$13$4fisjoRQR5E9ZQnQT76AzuDGktwj7MHKqu2E1noiY5h5h63w7.cS2', NULL, '2024-12-01 19:55:49', '2024-12-01 19:55:49', 1),
(1000000186, 2, '$2a$13$5wj7kYoIlM2ohN90hAAlKezXcJQbDqfKDVcimloXuGOBs5Gs1vzoq', NULL, '2024-12-01 19:55:49', '2024-12-01 19:55:49', 1),
(1000000187, 2, '$2a$13$K9UOah7SnzHz6HMq9xK83..HOyvG/A0zEe.ybf3lBLFFihXMmENZK', NULL, '2024-12-01 19:55:50', '2024-12-01 19:55:50', 1),
(1000000188, 2, '$2a$13$/GIPv0XuhAmXJZ7.4Mnz0uKnqC5BR2t7XdNNiL1qF.zbeoD9/03wG', NULL, '2024-12-01 19:55:51', '2024-12-01 19:55:51', 1),
(1000000189, 2, '$2a$13$N6G1eSLshSwv3pKZb5h7HuEyOxPDKgOeSq1xoUi7Kksi5wmmPyj5O', NULL, '2024-12-01 19:55:51', '2024-12-01 19:55:51', 1),
(3121410000, 1, '$2a$13$/JHV/ve4OamF6hTbRF7OQ.M9jl9zmyog80tEJj0X/uhVexnvI4mMW', NULL, '2024-12-01 21:39:16', '2024-12-01 21:39:16', 1),
(3121410001, 1, '$2a$13$xsIme0tfCTlr61IJ.loHtO5Iqowv8dOiKU5Q7eksoAPwTWnD1rocS', NULL, '2024-12-01 21:39:17', '2024-12-01 21:39:17', 1),
(3121410002, 1, '$2a$13$87KaSbL0TqlGF8oYIs.iKu0u/x5tXWd8LO4GrR7QTh/hGdZ7grP5m', NULL, '2024-12-01 21:39:17', '2024-12-01 21:39:17', 1),
(3121410003, 1, '$2a$13$yqVVbTLmYcTeTmAJO.H9TedP5FODne4CVJHNRNRUxQEfHF9BzJZlu', NULL, '2024-12-01 21:39:18', '2024-12-01 21:39:18', 1),
(3121410004, 1, '$2a$13$fvCenBuooD8ioKMyDTMaruw17rMAr6iJUKWVuE7kxiwiO3ETMUJkS', NULL, '2024-12-01 21:39:18', '2024-12-01 21:39:18', 1),
(3121410005, 1, '$2a$13$t9fr6djByNtrDqcK2/pP..Z0kjWc6a8sb2fRgbEtbWX9gKch6yUBC', NULL, '2024-12-01 21:39:19', '2024-12-01 21:39:19', 1),
(3121410006, 1, '$2a$13$xfQmExOj8vOwPIZOErJjW.vyKgfEtes05Ypw0ikN5gca7iq7jioG.', NULL, '2024-12-01 21:39:19', '2024-12-01 21:39:19', 1),
(3121410007, 1, '$2a$13$b/F9Aby5IPIMSWPqoq9S6ulCkvomlZh1b/E2mMoUxuYF5AeXER85G', NULL, '2024-12-01 21:39:20', '2024-12-01 21:39:20', 1),
(3121410008, 1, '$2a$13$FobKl.DHJMPKgYKeHZEKPeiEe3O./NimB3AQuh8V7svsiggmWp6V2', NULL, '2024-12-01 21:39:20', '2024-12-01 21:39:20', 1),
(3121410009, 1, '$2a$13$ffROIgDPYYN5gWWF2Zd.n.TQhK7aiV.zI0CvEU5DzxIO2HTLEGY0K', NULL, '2024-12-01 21:39:21', '2024-12-01 21:39:21', 1),
(3121410010, 1, '$2a$13$j6W0AQ6zcWSLMpikSkz1De9rJg1dyncD8s5rL2XjpYjwDGjtFP0CG', NULL, '2024-12-01 21:39:21', '2024-12-01 21:39:21', 1),
(3121410011, 1, '$2a$13$4trhVf91IB3uM5TSM3QDt.SqE6ec6hJV6SE.PyStDHmT6hDGUvTdC', NULL, '2024-12-01 21:39:22', '2024-12-01 21:39:22', 1),
(3121410012, 1, '$2a$13$CvqavtPEmuf07DAi5Ybf3O8vRbgrvlRIHz/RUlosTga9I9QhhsGey', NULL, '2024-12-01 21:39:22', '2024-12-01 21:39:22', 1),
(3121410013, 1, '$2a$13$qX/NOpN8V4TxkN3FeIht8OA/jrN3T6GRmuEwqkU4TegRPxB3i2AP2', NULL, '2024-12-01 21:39:23', '2024-12-01 21:39:23', 1),
(3121410014, 1, '$2a$13$EwZ2pGPi2ixV/uvel/JQ1OnfVIYv/52my2xXkUq1pWNQDe8JxpOMC', NULL, '2024-12-01 21:39:23', '2024-12-01 21:39:23', 1),
(3121410015, 1, '$2a$13$OyDkP5TUANurDFSF9E3sCe8Ga8Y3yY9LT/XIrPc7Awv6mZVZgVhl.', NULL, '2024-12-01 21:39:24', '2024-12-01 21:39:24', 1),
(3121410016, 1, '$2a$13$o2bn/TU5SQ0ZFCatO3fUReMd9cIm0PdFBUKzD2LCnLPy1YUsgQC7e', NULL, '2024-12-01 21:39:24', '2024-12-01 21:39:24', 1),
(3121410017, 1, '$2a$13$I2Gg2d9lFT5UrQEgODawpuABOf.DUEwFaG3ixn9truJ2/NgkmW7RG', NULL, '2024-12-01 21:39:25', '2024-12-01 21:39:25', 1),
(3121410018, 1, '$2a$13$Z6Sd0KcrlKUZ7EPVetxlVuqqwUGyQaDkUyuqwNuljgBtRkc5OR8ne', NULL, '2024-12-01 21:39:25', '2024-12-01 21:39:25', 1),
(3121410019, 1, '$2a$13$mvCNWDFoqp.2xVFQzZ3GAeQyT5Ki1lE1mlSVln.pDhRO0bwyuXEgS', NULL, '2024-12-01 21:39:26', '2024-12-01 21:39:26', 1),
(3121410020, 1, '$2a$13$qPN.3tCL0N0AwrGl2DmfT.8mamWyYDSCfOm0QV1izhnu/V8kBbsIG', NULL, '2024-12-01 21:39:26', '2024-12-01 21:39:26', 1),
(3121410021, 1, '$2a$13$0HW4wwV5xi0KIefLL7ZK8eA8zGpY.ldkZvSSFaGJ4Z1Xc1uNrLHua', NULL, '2024-12-01 21:39:27', '2024-12-01 21:39:27', 1),
(3121410022, 1, '$2a$13$yNtofu2J95QUFG.f6ZM8u.Ll3TCWCQmlKn9U98qdIcUjG3Fg1xh3W', NULL, '2024-12-01 21:39:27', '2024-12-01 21:39:27', 1),
(3121410023, 1, '$2a$13$uievAaH1AT87q3C2OiPdGO6dlZLzqAs5Zhn0uPBP8mhgKRTcAeFz2', NULL, '2024-12-01 21:39:28', '2024-12-01 21:39:28', 1),
(3121410024, 1, '$2a$13$2wRVJQwbhC1zewPGkx4mjOgxTc4QNc.JilpvoaE0fDAXkUDSOL2zq', NULL, '2024-12-01 21:39:28', '2024-12-01 21:39:28', 1),
(3121410025, 1, '$2a$13$6KeE96onpQ0hsBuQHbkR.u1/5qQBO.JTqySVOWdf6ifsLCXRsdD4m', NULL, '2024-12-01 21:39:29', '2024-12-01 21:39:29', 1),
(3121410026, 1, '$2a$13$jxRLiWPrRu3e3gJq0pha8e7O/ebgpDJLL/H5csILzHZGQgJi65UHa', NULL, '2024-12-01 21:39:29', '2024-12-01 21:39:29', 1),
(3121410027, 1, '$2a$13$PTWOn7Djljj3bLZD8QUwSu6iBe8f9R0IHuMLiRuF21OX.mgkKw/aW', NULL, '2024-12-01 21:39:30', '2024-12-01 21:39:30', 1),
(3121410028, 1, '$2a$13$Fbf.lVxM/3t0HA3osHMZnu706lFIlyvocIx4nhl6MAZW2lzTqH5V6', NULL, '2024-12-01 21:39:30', '2024-12-01 21:39:30', 1),
(3121410029, 1, '$2a$13$jflv0yWXQpNLMHRfwXk8je1boVRCAITIuVNUR0aX8bsZJ0ZA6ntem', NULL, '2024-12-01 21:39:31', '2024-12-01 21:39:31', 1),
(3121410030, 1, '$2a$13$XBA.19WemaUdEAhGhiXcu..30xc9jDCJaOlYwm1VIw3GY71pqnsJm', NULL, '2024-12-01 21:39:31', '2024-12-01 21:39:31', 1),
(3121410031, 1, '$2a$13$k6cQRkSCRHFVs5aHw1pesuDoBE.3OY5aM2Wo6SUK4GJcEOPSGm922', NULL, '2024-12-01 21:39:32', '2024-12-01 21:39:32', 1),
(3121410032, 1, '$2a$13$AKl.7V5etiGI2zp0L.PItuB.W8DLJoDhzVCtS7wUzhZPYYJ8D0Nyy', NULL, '2024-12-01 21:39:32', '2024-12-01 21:39:32', 1),
(3121410033, 1, '$2a$13$xWkIC3EEiewg/oPxuW.lwOkzSE/crwx0x2rU5lyXbo9GM60l.gXXa', NULL, '2024-12-01 21:39:33', '2024-12-01 21:39:33', 1),
(3121410034, 1, '$2a$13$6mnVT31rCfsUPDI1qWr1ku4Y4o3r/4Y3IilYcAE9/yoGfgN6T5TsS', NULL, '2024-12-01 21:39:34', '2024-12-01 21:39:34', 1),
(3121410035, 1, '$2a$13$MS0vACnVYPF3uz7uO6Bu3ObSkI8tAl71BPLR9U4cksYQ92TaAuH9O', NULL, '2024-12-01 21:39:34', '2024-12-01 21:39:34', 1),
(3121410036, 1, '$2a$13$CQ2y8V8X216PrfPCaH6m2.MBUlDaHxx2qSCI4n0unp0BYaQNuRkfK', NULL, '2024-12-01 21:39:35', '2024-12-01 21:39:35', 1),
(3121410037, 1, '$2a$13$jjRtN/aYhcfsDE3diGMdQ.Ux/KVQjgRs9KgsSbZ68dYkuU902MWwm', NULL, '2024-12-01 21:39:35', '2024-12-01 21:39:35', 1),
(3121410038, 1, '$2a$13$d2.JRw0iUd42gZjL8a7n5ex80yupVC2OEY.5vBwbL8iKWJcGiMmx6', NULL, '2024-12-01 21:39:36', '2024-12-01 21:39:36', 1),
(3121410039, 1, '$2a$13$rYBLK0o0ous6XqYccc4B8OlwVVtp8DZ8aWNjxjnh3LVFCZAhUkZ1G', NULL, '2024-12-01 21:39:36', '2024-12-01 21:39:36', 1),
(3121410040, 1, '$2a$13$v3SfH2Lzqi5iqEsFQKOzoeM3798WKSqUYyYRD09o0QLP9fz3wC.3G', NULL, '2024-12-01 21:39:37', '2024-12-01 21:39:37', 1),
(3121410041, 1, '$2a$13$PI9vtQOwiNpweyH0b2t8oebA5YozHuD79iNsesCTbXipZruv1gpRm', NULL, '2024-12-01 21:39:37', '2024-12-01 21:39:37', 1),
(3121410042, 1, '$2a$13$znu4aNJeXImdY6OkytakguZs2N5jPQnrwXJeusbk57qJWXHpd3Xme', NULL, '2024-12-01 21:39:38', '2024-12-01 21:39:38', 1),
(3121410043, 1, '$2a$13$PwGMIXzz8BFGtPRnl0bBvukoVg.7Z4CXchES2ZOHOMtN1ZMyWxRZG', NULL, '2024-12-01 21:39:38', '2024-12-01 21:39:38', 1),
(3121410044, 1, '$2a$13$ZIlpKZ2R/.o7V0sokHHC7e2VlUw9H.W6/kSpeTgeaUD7I6L4ViTr2', NULL, '2024-12-01 21:39:39', '2024-12-01 21:39:39', 1),
(3121410045, 1, '$2a$13$B62uMbrKs9gJSG5wQwrli.JN2OslXyHe8OzK4aY7DVwA9zTcFV8R.', NULL, '2024-12-01 21:39:40', '2024-12-01 21:39:40', 1),
(3121410046, 1, '$2a$13$3mImOzCqiH.wrBvUi6ffYeFb6fFvVRA.oMS.EW48puzTWG5Gm24xG', NULL, '2024-12-01 21:39:40', '2024-12-01 21:39:40', 1),
(3121410047, 1, '$2a$13$Uw1BuzzA.tn1y/x43RTqduwEt6lRNXwzRQF1S02eXqp0k2VG.BG5a', NULL, '2024-12-01 21:39:41', '2024-12-01 21:39:41', 1),
(3121410048, 1, '$2a$13$MGgy.qVjS8JJ.0spQerx4.asvPoa4lgkVL6onTtn8jaeQFzl7aICW', NULL, '2024-12-01 21:39:41', '2024-12-01 21:39:41', 1),
(3121410049, 1, '$2a$13$l4CLKxHQqNlmQDkrEZoZ2es9OOpU7ptnna2wUdlL99LM/88TA30Vu', NULL, '2024-12-01 21:39:42', '2024-12-01 21:39:42', 1),
(3121410050, 1, '$2a$13$Utj2dFkBS11yIgo9l4sBquKv0BV4BPvbB8GCaf.uRMuWFiTCB2.uy', NULL, '2024-12-01 21:39:42', '2024-12-01 21:39:42', 1),
(3121410051, 1, '$2a$13$b/V7txjsLQoS/bDaBrW2OORIxXa431q14QME.JeRWoJFUy/nJicjK', NULL, '2024-12-01 21:39:43', '2024-12-01 21:39:43', 1),
(3121410052, 1, '$2a$13$Oaz5C3XMtxmSBHLFb7T.lOjMKhgbXo05OKKm4AeZ22HDY4tt39oES', NULL, '2024-12-01 21:39:43', '2024-12-01 21:39:43', 1),
(3121410053, 1, '$2a$13$gBJMmDvt81hty.h6taKr4.TpU1ZdZywAp2mLct/aAe5N50UiCCpj2', NULL, '2024-12-01 21:39:44', '2024-12-01 21:39:44', 1),
(3121410054, 1, '$2a$13$TYXKrQlMCQGpShc2VUcP7OpFEfLuFbnA..NNl92DZeNPjiTB2gJH6', NULL, '2024-12-01 21:39:44', '2024-12-01 21:39:44', 1),
(3121410055, 1, '$2a$13$YiSa1ini.AYLz1EBWtUx7egsViGsFKGdF22/E8w24fmMldOFVf2Y.', NULL, '2024-12-01 21:39:45', '2024-12-01 21:39:45', 1),
(3121410056, 1, '$2a$13$hhEKls26n5ksT2kcVhxuTurbCGq.n0M4JtMubQ/rcWSk3BJWTCwgO', NULL, '2024-12-01 21:39:45', '2024-12-01 21:39:45', 1),
(3121410057, 1, '$2a$13$4BWT6d0yCZ0UFKVTZnkYX.WxeL1t64w7zJKbAZzm2yP4hTOISZXDC', NULL, '2024-12-01 21:39:46', '2024-12-01 21:39:46', 1),
(3121410058, 1, '$2a$13$9z6C0bnSBWd/75rctT47HuUXCRBHYf1GPZLTSkxW0GtiwDKGtnjv2', NULL, '2024-12-01 21:39:46', '2024-12-01 21:39:46', 1),
(3121410059, 1, '$2a$13$nlGxxLtrMmirPTpnskaA4.46K/UPv8qDV8MlNpoS654zoihQSYW7S', NULL, '2024-12-01 21:39:47', '2024-12-01 21:39:47', 1),
(3121410060, 1, '$2a$13$FQU9amM1CSHvNafpzHvM5upNtq9Ydz6S.vRN8r0zw7qv4qEPKQ5nq', NULL, '2024-12-01 21:39:48', '2024-12-01 21:39:48', 1),
(3121410061, 1, '$2a$13$4xGda8P/A0dNvLJS1ADBr.XciXVLUChjpDcc5QtEj75WeDq49zYX2', NULL, '2024-12-01 21:39:48', '2024-12-01 21:39:48', 1),
(3121410062, 1, '$2a$13$FwqplIP5PCP1y92RgUhkIOnJr3zqGZ6U7ZJJACQg/ZNBUveg2fZ8q', NULL, '2024-12-01 21:39:49', '2024-12-01 21:39:49', 1),
(3121410063, 1, '$2a$13$7gfhREkmgQLZ2xq3ncF3g.Bjj.ecrQNXK2yrBxrobiNL7bRjZv4ii', NULL, '2024-12-01 21:39:49', '2024-12-01 21:39:49', 1),
(3121410064, 1, '$2a$13$8KMetsedxB5Q/PxELsvJY.9IR27aG3b9dMWM6TWknYTWRXEJ2lrVW', NULL, '2024-12-01 21:39:50', '2024-12-01 21:39:50', 1),
(3121410065, 1, '$2a$13$0jjnW78dmp2VNX1YscnI3ehz1tEvAWpG6nAcj/j9sfT3.JopnYBcG', NULL, '2024-12-01 21:39:50', '2024-12-01 21:39:50', 1),
(3121410066, 1, '$2a$13$opITeNxaJmcB4DRhyD7DeOUzPfBJKYgLghxyxlBZiVY88g1bhj5CO', NULL, '2024-12-01 21:39:51', '2024-12-01 21:39:51', 1),
(3121410067, 1, '$2a$13$dOD2Hb1c97m6UnjgCY8.B.X6aIKd8f1kQIpEkl9knRtBbnr5qhObK', NULL, '2024-12-01 21:39:52', '2024-12-01 21:39:52', 1),
(3121410068, 1, '$2a$13$VI2Ta4Jvx47D/JOHhJdU5eKmRe5E7JTLeFxS/8e3p/naa5oH583Gi', NULL, '2024-12-01 21:39:52', '2024-12-01 21:39:52', 1),
(3121410069, 1, '$2a$13$.2kf4jH7rkGXiCgmen07p.EO51MDJBdSlQJDQ8CrWHuKj7mdHIi/m', NULL, '2024-12-01 21:39:53', '2024-12-01 21:39:53', 1),
(3121410070, 1, '$2a$13$Uy8YYDr.oUrwM/uFN0xv6.P8RC/hBPqLd1T2p6BzI.O1JLeIQ6qUS', NULL, '2024-12-01 21:39:53', '2024-12-01 21:39:53', 1),
(3121410071, 1, '$2a$13$SLwhZvq1tJDX7HktZJenru0Bl98GsvqeN71bD1ghdXIXOAhruTlEm', NULL, '2024-12-01 21:39:54', '2024-12-01 21:39:54', 1),
(3121410072, 1, '$2a$13$1OTcjUAF5T3bdV/H2cBIz.4OUD/POCEyHkO1tal9rhKh02A8lS3tK', NULL, '2024-12-01 21:39:55', '2024-12-01 21:39:55', 1),
(3121410073, 1, '$2a$13$0AFG36cQ2/ZowdtN4v628u3ycWfxYACyMF5AVjSa1OEW7dKoOgjzi', NULL, '2024-12-01 21:39:55', '2024-12-01 21:39:55', 1),
(3121410074, 1, '$2a$13$Vl.RRZyzoOvLpIwVrVssj.IkkOHhrjklynGdyMEUfg4lCrUhpribu', NULL, '2024-12-01 21:39:56', '2024-12-01 21:39:56', 1),
(3121410075, 1, '$2a$13$s3CKVhZj2UvG2W2oZ6lHsO9waSXd3zdWglmzmEgyN6yhTC2qOCTfy', NULL, '2024-12-01 21:39:56', '2024-12-01 21:39:56', 1),
(3121410076, 1, '$2a$13$O/hLcYfRGuC0R/xZXzFnaenFBeaone/S2XspyH1M1RtUUF9Oals/u', NULL, '2024-12-01 21:39:57', '2024-12-01 21:39:57', 1),
(3121410077, 1, '$2a$13$eRvR9sRM0Re8WbavPjdWkeynII2tY5BOX3Rkhnlujk5fK728c6TSi', NULL, '2024-12-01 21:39:57', '2024-12-01 21:39:57', 1),
(3121410078, 1, '$2a$13$XIec84aUWGaFIz3j5l0oR.YtDIduPh0o26AnmRg3qMO/xFIb95Zqi', NULL, '2024-12-01 21:39:58', '2024-12-01 21:39:58', 1),
(3121410079, 1, '$2a$13$useABaQpXLYFZh4vjZtU7uU.5UTJ74VReJ9V7PgoPg28JXUGZx7Ei', NULL, '2024-12-01 21:39:59', '2024-12-01 21:39:59', 1),
(3121410080, 1, '$2a$13$CRbFsbMOjaWiLZpUqip2bOr/dLf1p.BUch55mf0Q2vCLZ5nJjRsW2', NULL, '2024-12-01 21:39:59', '2024-12-01 21:39:59', 1),
(3121410081, 1, '$2a$13$1k9GJFrTs5wv6DRhbCo3YuhONnO2gFqKfNrjBGRZ0HFYcUBGyTjpG', NULL, '2024-12-01 21:40:00', '2024-12-01 21:40:00', 1),
(3121410082, 1, '$2a$13$D.4JafP8uu0SS.aXI6bB9ut6EAJgd1PdlYhlS2sJvCBjxysF/BiOC', NULL, '2024-12-01 21:40:01', '2024-12-01 21:40:01', 1),
(3121410083, 1, '$2a$13$YLy5v54Ymkd99vmLBi.8n.DLY.HpUfIPNv0WoZucm7tjigl6Zt12G', NULL, '2024-12-01 21:40:01', '2024-12-01 21:40:01', 1),
(3121410084, 1, '$2a$13$YPXWo22lqaPmrSe1BTeztuLMR31sJBEiFQtmwVOZvd/1serngEpE6', NULL, '2024-12-01 21:40:02', '2024-12-01 21:40:02', 1),
(3121410085, 1, '$2a$13$ZrzM4fiDtRgQnMbxZyRxf.IV1z.m35MTOwfJ.3fBDZf0tQwFfkpSq', NULL, '2024-12-01 21:40:03', '2024-12-01 21:40:03', 1),
(3121410086, 1, '$2a$13$UocrWUY2kRDEW2j3L.sR4eC8ovVQmDhF3.RyG6/tAIqCr.VGhVYnC', NULL, '2024-12-01 21:40:04', '2024-12-01 21:40:04', 1),
(3121410087, 1, '$2a$13$9ctubxXVqn4tIrBa6/64y.KdcPoDh.SmYKVjTE8L5lj5l8.wKNg5K', NULL, '2024-12-01 21:40:05', '2024-12-01 21:40:05', 1),
(3121410088, 1, '$2a$13$M4mjR5QMcTYn4QF6KshmTOgjmIci40PpYJRpaYyMrpr4pUwhk4Haq', NULL, '2024-12-01 21:40:05', '2024-12-01 21:40:05', 1),
(3121410089, 1, '$2a$13$TxhWfIDJ3Fc7jP69k1iX2OQlfi2sdgoQl656ZnT79kJOpMBffjQnS', NULL, '2024-12-01 21:40:06', '2024-12-01 21:40:06', 1),
(3121410090, 1, '$2a$13$DRPkf2ZWK57otNLmc89SvuNJrU0uQAPU06JxV49KWnY42wZAXa4Tq', NULL, '2024-12-01 21:40:07', '2024-12-01 21:40:07', 1),
(3121410091, 1, '$2a$13$VFaVWFxDTsslgAisuBCp8eriOIEq9n3cPwYF144TnSDXljSuiTw/K', NULL, '2024-12-01 21:40:08', '2024-12-01 21:40:08', 1),
(3121410092, 1, '$2a$13$WyHXYWkZCTPwyq0TDlvxy.CtpH4MZxfFYPftuyPnCJZYLzPK6KKHq', NULL, '2024-12-01 21:40:08', '2024-12-01 21:40:08', 1),
(3121410093, 1, '$2a$13$YxN/7yond2z1b8RIk6SwI.FOv3f.Pdhny5AAKmj3IutoqGEv77xRu', NULL, '2024-12-01 21:40:09', '2024-12-01 21:40:09', 1),
(3121410094, 1, '$2a$13$lshycqk/2IXJUmp/V9IgL.H9qM9gaeOjTm0eZAlGvoAIRl0gVVicu', NULL, '2024-12-01 21:40:10', '2024-12-01 21:40:10', 1),
(3121410095, 1, '$2a$13$xM6w/4sJKgZUFgBV/1zcfuXO2m1oRSi6Ig4W7RtTRZM8LUy0nv.Ke', NULL, '2024-12-01 21:40:10', '2024-12-01 21:40:10', 1),
(3121410096, 1, '$2a$13$FtJbNBRFliD3HT0rht2fz.sh280q4MhtYAXG3/hVQtlC1jzztEdRe', NULL, '2024-12-01 21:40:11', '2024-12-01 21:40:11', 1),
(3121410097, 1, '$2a$13$P.m5IZ.S/3goy7b/HiX4GOJp6SNskdMascl6XTQXyYAmBQs7QjC4.', NULL, '2024-12-01 21:40:12', '2024-12-01 21:40:12', 1),
(3121410098, 1, '$2a$13$DhnCWdjI661S1M1kv3AoSeGWvb.HFCs5JfUpQpDnTNm1MMUZs/4Q.', NULL, '2024-12-01 21:40:12', '2024-12-01 21:40:12', 1),
(3121410099, 1, '$2a$13$s/8Tj9VBKx1pAfnALT.nL.TNizD9wH9xaP485EDIr2xNP56W5XXc.', NULL, '2024-12-01 21:40:13', '2024-12-01 21:40:13', 1),
(3121410100, 1, '$2a$13$9yBj7EzEIvcRiE2TqxlfxeXeEBfyZh6/wzFd2vxrhz86fgBvDMR..', NULL, '2024-12-01 21:40:14', '2024-12-01 21:40:14', 1),
(3121410101, 1, '$2a$13$5MvAw89uVySH3VTbYA6zN.pQhzmX/ngRnp3Bib65mn2p/rtMmNyiS', NULL, '2024-12-01 21:40:14', '2024-12-01 21:40:14', 1),
(3121410102, 1, '$2a$13$BKgmi8MbWACdjse0gdZyNu4qm7O.GNnfp9KyOhWzHwZQMPa9IJxJK', NULL, '2024-12-01 21:40:15', '2024-12-01 21:40:15', 1),
(3121410103, 1, '$2a$13$OD8FilnshAOKWEResMVqeeevUzO/YDo3jx2tP3892HZ4cE6r9w5U2', NULL, '2024-12-01 21:40:16', '2024-12-01 21:40:16', 1),
(3121410104, 1, '$2a$13$6BzhuG2LNBp9tGrK3dMhWOMXY/AhuJgqlSjvR1Rf0TSEkV4mgYUEy', NULL, '2024-12-01 21:40:17', '2024-12-01 21:40:17', 1),
(3121410105, 1, '$2a$13$PyvVVM2OySQsbJob/5LreeMYJ5tjYqNjA8anCznm.x5rFkrsvTv8K', NULL, '2024-12-01 21:40:17', '2024-12-01 21:40:17', 1),
(3121410106, 1, '$2a$13$A8SbseDc/JP.B7oAVhX8FO5eig39Rc.qvOXDgPJY.h5i5Itlai.KK', NULL, '2024-12-01 21:40:18', '2024-12-01 21:40:18', 1),
(3121410107, 1, '$2a$13$XJV1268N7O5D5iYTlF2Ok..L42AlLdOsX.WrpO1ZGEpGoVvU8I6ui', NULL, '2024-12-01 21:40:19', '2024-12-01 21:40:19', 1),
(3121410108, 1, '$2a$13$rxK8k1/GM4OyXWea0isNiO10Rs7uwh1VCAXdBm2OOedpAVUn3dNbe', NULL, '2024-12-01 21:40:19', '2024-12-01 21:40:19', 1),
(3121410109, 1, '$2a$13$/nv5tjeCqXqsPSP9uYSSAuE0PhOeY9tmuTnzHd8mCQP/5a6vnxDZW', NULL, '2024-12-01 21:40:20', '2024-12-01 21:40:20', 1),
(3121410110, 1, '$2a$13$Z9dsRS4WAScX4md0nF1E..6TV4Ws5ki/tTiyf5czX9KrRt1jNvCX.', NULL, '2024-12-01 21:40:20', '2024-12-01 21:40:20', 1),
(3121410111, 1, '$2a$13$7UQS3Ug.588REJ0xxXY8ruKntyyeJ9cK19FtWOgNlBBSz36/JVHq6', NULL, '2024-12-01 21:40:21', '2024-12-01 21:40:21', 1),
(3121410112, 1, '$2a$13$6Sc19owCdJcaeg0b80VoJOfL85F5tLACmUKM5yLC3XCwx4DNatRE2', NULL, '2024-12-01 21:40:21', '2024-12-01 21:40:21', 1),
(3121410113, 1, '$2a$13$ZMxARgPNJ5.erNMJha1eduTwZCOFgVcCxhK9VVmoI2GvAzimYnYk6', NULL, '2024-12-01 21:40:22', '2024-12-01 21:40:22', 1),
(3121410114, 1, '$2a$13$xUuoljJY4PnWdxBDWWrlkurkY8GxTNpMt3YUm2ty1cs9Ee.MziOge', NULL, '2024-12-01 21:40:23', '2024-12-01 21:40:23', 1),
(3121410115, 1, '$2a$13$jhYe2.ikycvsKuHK1/2a6eeNDJ9Hz0kyRQ1gGbluW6XyZu4KHgqTW', NULL, '2024-12-01 21:40:23', '2024-12-01 21:40:23', 1),
(3121410116, 1, '$2a$13$WYZCxf.kmVmjeMV8OgcnxOdl5dSKt44SMOAPF6xfpmi.USApXv8hW', NULL, '2024-12-01 21:40:24', '2024-12-01 21:40:24', 1),
(3121410117, 1, '$2a$13$puiraTUz5rjCCi2gCpS6AudU1mpdCQL9aHIt.MscRrDlsz9EtAN4O', NULL, '2024-12-01 21:40:24', '2024-12-01 21:40:24', 1),
(3121410118, 1, '$2a$13$mxfepSR/ZDHuLXrvwDQ4nOr21wAnohM0ZHAJMDSjM7t/lhklsNu5C', NULL, '2024-12-01 21:40:25', '2024-12-01 21:40:25', 1),
(3121410119, 1, '$2a$13$suWo2q2nM.qHS8FmICavVOb5oEhTf6dYgDsVSdzCHJXegwiB9I1tO', NULL, '2024-12-01 21:40:25', '2024-12-01 21:40:25', 1),
(3121410120, 1, '$2a$13$gouRD8Ls9Xp.70hMUSPu7ODGEXoLlCE.sYYlfJxCSQ.KRq5Kc5goy', NULL, '2024-12-01 21:40:26', '2024-12-01 21:40:26', 1),
(3121410121, 1, '$2a$13$3peKI3OvBaH0TWt7i3GVzuHGI9HJ8eyZpsFD8xmX/c5NnIDLPBCPa', NULL, '2024-12-01 21:40:26', '2024-12-01 21:40:26', 1),
(3121410122, 1, '$2a$13$20JL96NMgwO2XjNUyBemWuLfyXOXbKAPDPFhBJVwdoLN7K7vg26WW', NULL, '2024-12-01 21:40:27', '2024-12-01 21:40:27', 1),
(3121410123, 1, '$2a$13$e4Lq0M4pErGbMdvTkm0om.AECwcQCzrPSotcY4/eMLvCdKVtWwxPO', NULL, '2024-12-01 21:40:28', '2024-12-01 21:40:28', 1),
(3121410124, 1, '$2a$13$foL1quyJtGWrHTV6Fy10Ue8TguFtnHPGKQzFsP/MisT78uTSLgAvW', NULL, '2024-12-01 21:40:28', '2024-12-01 21:40:28', 1),
(3121410125, 1, '$2a$13$lOX3yyikiu.sf.bFCQALRuHaLvGw/a9DrBC8SoRXhVZekQkT1EEd6', NULL, '2024-12-01 21:40:29', '2024-12-01 21:40:29', 1),
(3121410126, 1, '$2a$13$qagoqxYefqf1xE8369ZhyehE25VwRLS8GN85O/B2Wx07O1.yqZHNi', NULL, '2024-12-01 21:40:29', '2024-12-01 21:40:29', 1),
(3121410127, 1, '$2a$13$nysLFtiZhnTYZsnuYIZTs.fgWCPb52NqY5sTZ1JoGL99xYX8VKLwS', NULL, '2024-12-01 21:40:30', '2024-12-01 21:40:30', 1),
(3121410128, 1, '$2a$13$Q9ggJTnaUsooyJIgSVDl1.q8.Z7kGhjp8vX4Jzb5pvh92Q8bEITqW', NULL, '2024-12-01 21:40:30', '2024-12-01 21:40:30', 1),
(3121410129, 1, '$2a$13$UraTA.OMnfJD9bYpm00pbuaHCvjdleonhx8ziOps1XBH.ELNmVjmq', NULL, '2024-12-01 21:40:31', '2024-12-01 21:40:31', 1),
(3121410130, 1, '$2a$13$a67actKAe8UxU1j7eQAX2eF7qKIeFidpOB3YVN6nbUydTi0HsSjEG', NULL, '2024-12-01 21:40:31', '2024-12-01 21:40:31', 1),
(3121410131, 1, '$2a$13$dLSrVT9mCTiG7Ozej.S.SuRBkT4aTQvO53KvyvZ5d6ilIScXHjFrW', NULL, '2024-12-01 21:40:32', '2024-12-01 21:40:32', 1),
(3121410132, 1, '$2a$13$E3XmB5lR9iDxQ2Cs5P6h9O.QsZjig906OF2MiwLQDq7g75YAfSUGa', NULL, '2024-12-01 21:40:33', '2024-12-01 21:40:33', 1),
(3121410133, 1, '$2a$13$Sk0loslgVG5dn9kHXhzSquL6y0Q6SfGFSiumtFeahhMgFonCr6Dfm', NULL, '2024-12-01 21:40:33', '2024-12-01 21:40:33', 1),
(3121410134, 1, '$2a$13$NFXYxwjkP5J0YqAJOJ9Gqekhh.c01JlRzZfMzG4M/IVUnHfjIjEU2', NULL, '2024-12-01 21:40:34', '2024-12-01 21:40:34', 1),
(3121410135, 1, '$2a$13$VG/kxsJ672.PLZKx65cuNOmbDGjENrgZxR9RUfn8LcRxvUBZxpY72', NULL, '2024-12-01 21:40:34', '2024-12-01 21:40:34', 1),
(3121410136, 1, '$2a$13$wG2epkXlevGG2GspE.vWT.nW2LhLUPSF1LueGIzl6ofH400IzcKIC', NULL, '2024-12-01 21:40:35', '2024-12-01 21:40:35', 1),
(3121410137, 1, '$2a$13$p5IWxYDO7RYwwP280SNWvuvTFFRXssJMFj40teL5S8SuqyQO4iP5O', NULL, '2024-12-01 21:40:35', '2024-12-01 21:40:35', 1),
(3121410138, 1, '$2a$13$xBA1b7KDN3TLrxssyQD/nu5zFH7H4FxgGOkfy9CCSO43mkRILZoG6', NULL, '2024-12-01 21:40:36', '2024-12-01 21:40:36', 1),
(3121410139, 1, '$2a$13$TYZryoe4gCrU/XbcGse9GOVGMChrXIX2eQbFfJh2ekHGd6oEeRJL.', NULL, '2024-12-01 21:40:36', '2024-12-01 21:40:36', 1),
(3121410140, 1, '$2a$13$h.FGvu/MZ6AqGKEoy4fSyurFqE1teO2aTRbiSXFK.7gtd1nK7p4/K', NULL, '2024-12-01 21:40:37', '2024-12-01 21:40:37', 1),
(3121410141, 1, '$2a$13$wLrChYw27VQN.Fjwn2/9LeEuXTqmjUE.hApWGcGNiurf6NnrTqmb2', NULL, '2024-12-01 21:40:38', '2024-12-01 21:40:38', 1),
(3121410142, 1, '$2a$13$35a5.l1BdtuaLwPFmclI4OMBZM6vb1C8fdlH7FUmjRQAgPl2EoKhK', NULL, '2024-12-01 21:40:39', '2024-12-01 21:40:39', 1),
(3121410143, 1, '$2a$13$UMYihSIiQigsIGPlg2ZfeO6Pm08JR6raJ/TYIeYopY4NzTEFRQgC.', NULL, '2024-12-01 21:40:39', '2024-12-01 21:40:39', 1),
(3121410144, 1, '$2a$13$j5jElE0jgmT87fjDkQBVPuLQsKoqB2FaBUq70mK1JN92jmOs5V.M6', NULL, '2024-12-01 21:40:40', '2024-12-01 21:40:40', 1),
(3121410145, 1, '$2a$13$wRijmei6Hdte7tiWSR67sOP8AxatuRPk2FvSlqca5fYx8RsoqnDn.', NULL, '2024-12-01 21:40:41', '2024-12-01 21:40:41', 1),
(3121410146, 1, '$2a$13$FjtxGP2YOiVbJoo0eqZ81ec7tr2qaz51Y2jTMieIjJ6znyTa4WhIa', NULL, '2024-12-01 21:40:41', '2024-12-01 21:40:41', 1),
(3121410147, 1, '$2a$13$CrbAUdKLEs0CfW3YMao0dO2N/jX1iorJ7Jf6y0tMmT0T7a/TSMIfS', NULL, '2024-12-01 21:40:42', '2024-12-01 21:40:42', 1),
(3121410148, 1, '$2a$13$gKd01KGTL31IYSF4QnM.ZOzrVBITWrDPDmyexk1gCGsCt0U8NCu0K', NULL, '2024-12-01 21:40:42', '2024-12-01 21:40:42', 1),
(3121410149, 1, '$2a$13$kpK2sKbewYJXSzJ.m.NQ2Osl0L3XQbcES2nGUNe37Glzy3G4jS5BK', NULL, '2024-12-01 21:40:43', '2024-12-01 21:40:43', 1),
(3121410150, 1, '$2a$13$I2uoaeXtj6Up80lYIgsjb.LrX9EZbTZazGbkh5IaQuvYuL.6xQ0Fe', NULL, '2024-12-01 21:40:43', '2024-12-01 21:40:43', 1),
(3121410151, 1, '$2a$13$tMaGk7X.0oqqOE5yoZOEsuK1pgXS57R.ZEateJ3u.NDvKttISd.8G', NULL, '2024-12-01 21:40:44', '2024-12-01 21:40:44', 1),
(3121410152, 1, '$2a$13$aC0XHmyejvlNCtkasdCqS.kx/BCeUazMs7V9XHzGFhF9bmHZ2H0uK', NULL, '2024-12-01 21:40:45', '2024-12-01 21:40:45', 1),
(3121410153, 1, '$2a$13$tVaArrA4RftGmM0MheXC6OWVdXyLf1xwevenkwVkj96oZucXx8Hm6', NULL, '2024-12-01 21:40:45', '2024-12-01 21:40:45', 1),
(3121410154, 1, '$2a$13$YvWChj.nC4SdKUHBQ4pSIOfS9SZquEO3pwJ1RE6zolJ0p0Uat/a1.', NULL, '2024-12-01 21:40:46', '2024-12-01 21:40:46', 1),
(3121410155, 1, '$2a$13$4q/TbR0JuOdWa7BSvas04OE/FHgN9lNRb2mvf9xhGtyMnCe8gG.fG', NULL, '2024-12-01 21:40:47', '2024-12-01 21:40:47', 1),
(3121410156, 1, '$2a$13$KImDpVPwW2f1oakLJJ3Z1.U9wjNFRI7dpXrlw4IyHZcC2GYqVX7YG', NULL, '2024-12-01 21:40:47', '2024-12-01 21:40:47', 1),
(3121410157, 1, '$2a$13$6AgheYX5.ozo68ZjQU.FZ.MID9wKM9k0Ts9fCrwQqqRWRUn3O3A.W', NULL, '2024-12-01 21:40:48', '2024-12-01 21:40:48', 1),
(3121410158, 1, '$2a$13$nSL15wTbxMe7sj1TMdx4F.DPXyFcKoiDzOXjsfmcloWYXXhkhmGgW', NULL, '2024-12-01 21:40:49', '2024-12-01 21:40:49', 1),
(3121410159, 1, '$2a$13$ZkRgXY6fz5pq2RRg6UHG9O6Q9De7gBz6jCiu.bewBE9b6iDuBkO.C', NULL, '2024-12-01 21:40:50', '2024-12-01 21:40:50', 1),
(3121410160, 1, '$2a$13$.SoFaWQUgkok5/Fui3KHze5VKJmAwHpECyYtSbbdL3hedoIWflfpC', NULL, '2024-12-01 21:40:50', '2024-12-01 21:40:50', 1),
(3121410161, 1, '$2a$13$r5fCWgx5jj.iyKa36uapH.aLVwOSaTchkfArrlqcNUPRY7oZDAzgm', NULL, '2024-12-01 21:40:51', '2024-12-01 21:40:51', 1),
(3121410162, 1, '$2a$13$iyJeHPftRS/OSI.1829qiuau57k45AyaGmQa7zw4QrMbhvb2OycBu', NULL, '2024-12-01 21:40:52', '2024-12-01 21:40:52', 1),
(3121410163, 1, '$2a$13$uvWLXIGFi9GZY5yyQM1mTu8xanNhclUvl85uk2v3vwWbIW0/qmzf.', NULL, '2024-12-01 21:40:52', '2024-12-01 21:40:52', 1),
(3121410164, 1, '$2a$13$8X7FpXIwQ8oEqt0MOoNvuOsMwmXiF7g9KG.QXziNWNR1tNiIYQS2q', NULL, '2024-12-01 21:40:53', '2024-12-01 21:40:53', 1),
(3121410165, 1, '$2a$13$Ip/NkaPavU5o1HgYZ59KVu2BvV8CqdDT5vAfBrBZH/eTH9bx0FBHC', NULL, '2024-12-01 21:40:53', '2024-12-01 21:40:53', 1),
(3121410166, 1, '$2a$13$HKzxevT2lr8xTDjGDlAh5u33a15eDKWx0nzGup2FH2ioaiWEzyED.', NULL, '2024-12-01 21:40:54', '2024-12-01 21:40:54', 1),
(3121410167, 1, '$2a$13$bkivz/a3vg3ouRCHYPD.9uC1cATXsKMGXKs47qiWgD8f5yaOQYMdW', NULL, '2024-12-01 21:40:54', '2024-12-01 21:40:54', 1),
(3121410168, 1, '$2a$13$7GMDNc93qqOda3afjP81m.bph4dfrDzMPzLNCYKef6/zrtxsN1GWm', NULL, '2024-12-01 21:40:55', '2024-12-01 21:40:55', 1),
(3121410169, 1, '$2a$13$QDXtRJODUNvzlR7OK13fO.eXk4E8WOz2lDb6/p.e9v6YfLBaCCNdK', NULL, '2024-12-01 21:40:55', '2024-12-01 21:40:55', 1),
(3121410170, 1, '$2a$13$WVv9qd1az4QopPzkMNIkKOWb2uVdChhWQuau8WtVXVFZhi8n1v43i', NULL, '2024-12-01 21:40:56', '2024-12-01 21:40:56', 1),
(3121410171, 1, '$2a$13$23onIK.RZVISR.heYTmYru12EP27UcAtZUAXnuZEwzgWGoQRvjrp.', NULL, '2024-12-01 21:40:57', '2024-12-01 21:40:57', 1),
(3121410172, 1, '$2a$13$6eZ9Rj2wObE4YlmGyVoXTe.uV08jnlM.4O8Ol30dKH98p.keQFqcC', NULL, '2024-12-01 21:40:57', '2024-12-01 21:40:57', 1),
(3121410173, 1, '$2a$13$6ScneULRE016.GggksGIzensbBerclzCdScnFMN73ovD.5swKGVlW', NULL, '2024-12-01 21:40:58', '2024-12-01 21:40:58', 1),
(3121410174, 1, '$2a$13$OGL9V/42Zr3QEbSuoVvFMei2qTxqRcLY4CNMsOWPf5zGRIpatTDB.', NULL, '2024-12-01 21:40:58', '2024-12-01 21:40:58', 1),
(3121410175, 1, '$2a$13$pNoGNsX.3W9oegT6qf86Bev4a1R9LNiaB5C9wzMz0as4hrvZr8LPW', NULL, '2024-12-01 21:40:59', '2024-12-01 21:40:59', 1),
(3121410176, 1, '$2a$13$4vGK13h52fqKfvB5bnoshedds5uEkYNb5JPcoY5nunrQt/ws6FXQO', NULL, '2024-12-01 21:40:59', '2024-12-01 21:40:59', 1),
(3121410177, 1, '$2a$13$6QHwPgHQXZcg6aABzQn1NuxVF6T0IJQPCXRL169lrhIDgCD1OzwC.', NULL, '2024-12-01 21:41:00', '2024-12-01 21:41:00', 1),
(3121410178, 1, '$2a$13$t/o9JIH9e0U8l7izHwJm7uJVFESxhn61ox9tZxjFuHI0d2ZTnoZru', NULL, '2024-12-01 21:41:00', '2024-12-01 21:41:00', 1),
(3121410179, 1, '$2a$13$ysGLNIzbmtcg7a7yyPdk0e9cLK2pztWb4CPlEj2BbgKzOBtet5FEC', NULL, '2024-12-01 21:41:01', '2024-12-01 21:41:01', 1),
(3121410180, 1, '$2a$13$wn1XNtMYO0fG9S1dCfGZ.u3AfFY0vwhQMAwv.kl2NkFg1eE/P0baG', NULL, '2024-12-01 21:41:02', '2024-12-01 21:41:02', 1),
(3121410181, 1, '$2a$13$0J9jgE/1SqwqAnZs28WfluGVZJX.ew/vi8JgmdeAox4g/ptoBvuj.', NULL, '2024-12-01 21:41:02', '2024-12-01 21:41:02', 1);
INSERT INTO `account` (`id`, `vaitro`, `password`, `remember_token`, `created_at`, `updated_at`, `status`) VALUES
(3121410182, 1, '$2a$13$zB/H5Cwo.K.rvpMxXiufBOuGmX39nYCoYwMJIYtWByR.bkT0qXRDW', NULL, '2024-12-01 21:41:03', '2024-12-01 21:41:03', 1),
(3121410183, 1, '$2a$13$dyzEXeDXwydipQZvfd6MO.93/1vXiePi.rxEcBp2unI/Ksgs/OL0y', NULL, '2024-12-01 21:41:03', '2024-12-01 21:41:03', 1),
(3121410184, 1, '$2a$13$hViyBTqsDUmBLyzHsiE6w.OpH0FnNd5vKSAKM7Rc3vIj8xxTlkFni', NULL, '2024-12-01 21:41:04', '2024-12-01 21:41:04', 1),
(3121410185, 1, '$2a$13$U1Aigfea90I/oEELAurWJOAhmeaxCM9gDtZiEkz5jxdpVLdiq.pHu', NULL, '2024-12-01 21:41:05', '2024-12-01 21:41:05', 1),
(3121410186, 1, '$2a$13$kOq4fJP6n4.gizm25vYoWuMxCHEn/MY64ICq4MBzTpPHLyYkQXTjW', NULL, '2024-12-01 21:41:05', '2024-12-01 21:41:05', 1),
(3121410187, 1, '$2a$13$xh37W2CoixUZWwklgXuRcu/GZhXcme4nvZ.oIeDwsE6uK/9/qUenS', NULL, '2024-12-01 21:41:06', '2024-12-01 21:41:06', 1),
(3121410188, 1, '$2a$13$we.MDq9go.zYMQNhlDVUeOHOWLzCbUVeIhCtB13uQMUGEOrFL2Wfy', NULL, '2024-12-01 21:41:06', '2024-12-01 21:41:06', 1),
(3121410189, 1, '$2a$13$7XOBbeLqIaNmnt2sthnqPeubhwo4wRvj2040D3dXEf8zEssSPJD3W', NULL, '2024-12-01 21:41:07', '2024-12-01 21:41:07', 1),
(3121410190, 1, '$2a$13$Z.UWay8mqDmkphqvx9TROOs2uz/3wE24emtS6Xpx36WnDO8pV/0y2', NULL, '2024-12-01 21:41:08', '2024-12-01 21:41:08', 1),
(3121410191, 1, '$2a$13$fDIFp1QN8xb7oI3CCda/vOyNZ7G/WmAQysozEw5dOSy.9nJC9u2qS', NULL, '2024-12-01 21:41:08', '2024-12-01 21:41:08', 1),
(3121410192, 1, '$2a$13$nppchtq2YxPUbpVM00dmZOxdc.feG7b5HM73WDu4T7FaVE6nESDCK', NULL, '2024-12-01 21:41:09', '2024-12-01 21:41:09', 1),
(3121410193, 1, '$2a$13$0Sy3MhSiTBdCUzaUGuKir./eWDRhiN2bNhKNhIH59zWrAqbLDJa.2', NULL, '2024-12-01 21:41:09', '2024-12-01 21:41:09', 1),
(3121410194, 1, '$2a$13$AtBMtfR.hBhPtAeh7ClXteRyNl6XVBI9IA6hhFAVCni/ATp/36Mmy', NULL, '2024-12-01 21:41:10', '2024-12-01 21:41:10', 1),
(3121410195, 1, '$2a$13$2VwzkjpdKEjsT6utTL.TP.5Od6mA.yjI8kdGArrCq9VHjpztIH1U2', NULL, '2024-12-01 21:41:11', '2024-12-01 21:41:11', 1),
(3121410196, 1, '$2a$13$apkciVFgXGXXlbaBekNGQOFEwNgtY0aGR4SVzN5Qc/LEjcJlEyYeO', NULL, '2024-12-01 21:41:11', '2024-12-01 21:41:11', 1),
(3121410197, 1, '$2a$13$06tU1F2k31taBkonk.a2TuTQu/BCY4mUUvUA73YbtXi5DnfpGLRnS', NULL, '2024-12-01 21:41:12', '2024-12-01 21:41:12', 1),
(3121410198, 1, '$2a$13$/6QkFgbedjaP70euD850ie7zpM4lheeiNDJ9J6N7kc3CpaCaQqo/m', NULL, '2024-12-01 21:41:12', '2024-12-01 21:41:12', 1),
(3121410199, 1, '$2a$13$gvA6WcnG5awwCj5BoB7jCOweuN8OlF2CJErnyMkD8.vAGyPF9DHnG', NULL, '2024-12-01 21:41:13', '2024-12-01 21:41:13', 1),
(3121410200, 1, '$2a$13$VpcQokW3/LUrh4l3Frorlu3PuRIc30UiVnWHtIuc4oqmY49quQ07m', NULL, '2024-12-01 21:41:13', '2024-12-01 21:41:13', 1),
(3121410201, 1, '$2a$13$gw6u6IAieJP35k3QAiH4o.omcotrW6NvxFRwHsGL2rUXfT6c2/wiu', NULL, '2024-12-01 21:41:14', '2024-12-01 21:41:14', 1),
(3121410202, 1, '$2a$13$VZUPJ7eXgH.QFH6I3LDqQefoz/axS3jXdVBMhs1W3Uk8M.05af2DG', NULL, '2024-12-01 21:41:15', '2024-12-01 21:41:15', 1),
(3121410203, 1, '$2a$13$lEX37ZOgCcpqw70wh54nL.u8tIBEG9cjMi/sUiaZbqhX27DkoJd.O', NULL, '2024-12-01 21:41:15', '2024-12-01 21:41:15', 1),
(3121410204, 1, '$2a$13$lqY7P89VfZMnRJUxAexEAulrvw7l1wZFWHtRed9.xyTIz0SFQKPGq', NULL, '2024-12-01 21:41:16', '2024-12-01 21:41:16', 1),
(3121410205, 1, '$2a$13$8T22WDzh1E6YQZh1g3AyZuV.zFhCqr.x92N/O.5msxHTmCmBw9Ol.', NULL, '2024-12-01 21:41:17', '2024-12-01 21:41:17', 1),
(3121410206, 1, '$2a$13$f2m1NLUtC6asmlb1o.o4U.gure9LRPsAOsvwTwfR2iNCk0j.UP8sq', NULL, '2024-12-01 21:41:17', '2024-12-01 21:41:17', 1),
(3121410207, 1, '$2a$13$EuZNzhm020VzjCG/5xmwc.DofPVFOWCDs4DpJHbR25FBWPl5CMD7y', NULL, '2024-12-01 21:41:18', '2024-12-01 21:41:18', 1),
(3121410208, 1, '$2a$13$8.6LAEcJfhYpKIr18eFtieRvUKweiaNQ96v3kStycbaWtx6bypF2.', NULL, '2024-12-01 21:41:18', '2024-12-01 21:41:18', 1),
(3121410209, 1, '$2a$13$eqtD2xv.03jr7u1lI2LYNeQU3cu1/6thty.Yj5F5/xlhG2LmwJZL2', NULL, '2024-12-01 21:41:19', '2024-12-01 21:41:19', 1),
(3121410210, 1, '$2a$13$QBiNvXxQ6DiZ8ueXD.gg5O9GiAXU1EVu72BDP9RgNEmPppvJ9orUy', NULL, '2024-12-01 21:41:20', '2024-12-01 21:41:20', 1),
(3121410211, 1, '$2a$13$Q7rd6j4/XgYnWydckY/Qm.374kuM9m631WtOLmLu6ovO3gTgORe36', NULL, '2024-12-01 21:41:21', '2024-12-01 21:41:21', 1);

-- --------------------------------------------------------

--
-- Cấu trúc bảng cho bảng `chitietdotcham`
--

CREATE TABLE `chitietdotcham` (
  `id` bigint(20) UNSIGNED NOT NULL,
  `thongtindotchamdiem_id` bigint(20) UNSIGNED NOT NULL,
  `diem` int(11) NOT NULL,
  `tieuchidanhgia_id` bigint(20) UNSIGNED NOT NULL,
  `created_at` timestamp NULL DEFAULT NULL,
  `updated_at` timestamp NULL DEFAULT NULL,
  `status` int(11) NOT NULL,
  `imageUrl` text DEFAULT NULL,
  `mota` text DEFAULT NULL
) ENGINE=InnoDB DEFAULT CHARSET=utf8mb4 COLLATE=utf8mb4_unicode_ci;

--
-- Đang đổ dữ liệu cho bảng `chitietdotcham`
--

INSERT INTO `chitietdotcham` (`id`, `thongtindotchamdiem_id`, `diem`, `tieuchidanhgia_id`, `created_at`, `updated_at`, `status`, `imageUrl`, `mota`) VALUES
(143, 1828, 2, 1, '2024-12-04 14:21:12', '2024-12-04 14:21:12', 1, '', NULL),
(144, 1828, 2, 6, '2024-12-04 14:21:12', '2024-12-04 14:21:12', 1, '', NULL),
(145, 1828, 2, 2, '2024-12-04 14:21:12', '2024-12-04 14:21:12', 1, '', NULL),
(146, 1828, 2, 12, '2024-12-04 14:21:12', '2024-12-04 14:21:12', 1, '', NULL),
(147, 1828, 2, 3, '2024-12-04 14:21:12', '2024-12-04 14:21:12', 1, '', NULL),
(148, 1828, 2, 17, '2024-12-04 14:21:12', '2024-12-04 14:21:12', 1, '', NULL),
(149, 1828, 2, 4, '2024-12-04 14:21:12', '2024-12-04 14:21:12', 1, '', NULL),
(150, 1828, 2, 20, '2024-12-04 14:21:12', '2024-12-04 14:21:12', 1, '', NULL),
(151, 1828, 2, 5, '2024-12-04 14:21:12', '2024-12-04 14:21:12', 1, '', NULL),
(152, 1828, 2, 28, '2024-12-04 14:21:12', '2024-12-04 14:21:12', 1, '', NULL);

-- --------------------------------------------------------

--
-- Cấu trúc bảng cho bảng `chuthichtieuchi`
--

CREATE TABLE `chuthichtieuchi` (
  `id` int(11) NOT NULL,
  `tieuchidanhgia_id` bigint(20) UNSIGNED NOT NULL,
  `name` varchar(255) NOT NULL,
  `diem` int(11) NOT NULL,
  `created_at` datetime NOT NULL DEFAULT current_timestamp(),
  `updated_at` datetime NOT NULL DEFAULT current_timestamp(),
  `status` int(11) NOT NULL DEFAULT 1
) ENGINE=InnoDB DEFAULT CHARSET=utf8mb4 COLLATE=utf8mb4_general_ci;

--
-- Đang đổ dữ liệu cho bảng `chuthichtieuchi`
--

INSERT INTO `chuthichtieuchi` (`id`, `tieuchidanhgia_id`, `name`, `diem`, `created_at`, `updated_at`, `status`) VALUES
(1, 6, 'Điểm trung bình chung học kì từ  3,60 đến 4,00', 14, '0000-00-00 00:00:00', '0000-00-00 00:00:00', 1),
(2, 6, 'Điểm trung bình chung học kì từ  3,20 đến 3,59', 12, '0000-00-00 00:00:00', '0000-00-00 00:00:00', 1),
(3, 6, 'Điểm trung bình chung học kì từ  2,50 đến 3,19', 10, '0000-00-00 00:00:00', '0000-00-00 00:00:00', 1),
(4, 6, 'Điểm trung bình chung học kì từ  2,00 đến 2,49', 7, '0000-00-00 00:00:00', '0000-00-00 00:00:00', 1),
(5, 6, 'Điểm trung bình chung học kì  dưới 2,00', 0, '0000-00-00 00:00:00', '0000-00-00 00:00:00', 1),
(6, 7, 'Kết quả học tập tăng một bậc so với học kỳ trước,  ĐTBCHK từ  2,00 trở lên', 3, '0000-00-00 00:00:00', '0000-00-00 00:00:00', 1),
(7, 7, 'Kết quả học tập tăng hai bậc so với học kỳ trước,  ĐTBCHK từ  2,00 trở lên', 6, '0000-00-00 00:00:00', '0000-00-00 00:00:00', 1),
(8, 7, 'Sinh viên năm thứ I, nếu có kết quả học tập HK I từ 2,00 trở lên', 3, '0000-00-00 00:00:00', '0000-00-00 00:00:00', 1),
(9, 8, 'Khóa luận tốt nghiệp từ loại giỏi trở lên', 6, '0000-00-00 00:00:00', '0000-00-00 00:00:00', 1),
(10, 8, 'Đề tài NCKH cấp trường từ loại giỏi trở lên', 6, '0000-00-00 00:00:00', '0000-00-00 00:00:00', 1),
(11, 8, 'Đề tài NCKH cấp trường từ loại đạt trở lên', 5, '0000-00-00 00:00:00', '0000-00-00 00:00:00', 1),
(12, 9, 'Tham gia hội thi RLNV cấp khoa', 2, '0000-00-00 00:00:00', '0000-00-00 00:00:00', 1),
(13, 9, 'Tham gia hội thi  RLNV cấp trường', 4, '0000-00-00 00:00:00', '0000-00-00 00:00:00', 1),
(14, 9, 'Tham gia hội thi  RLNV toàn quốc', 4, '0000-00-00 00:00:00', '0000-00-00 00:00:00', 1),
(15, 9, 'Tham gia đầy đủ các buổi hội thảo khoa học, báo cáo chuyên đề', 2, '0000-00-00 00:00:00', '0000-00-00 00:00:00', 1),
(16, 10, 'Ban chủ nhiệm câu lạc bộ cấp khoa', 4, '0000-00-00 00:00:00', '0000-00-00 00:00:00', 1),
(17, 10, 'Ban chủ nhiệm câu lạc bộ cấp trường', 6, '0000-00-00 00:00:00', '0000-00-00 00:00:00', 1),
(18, 10, 'Thành viên tham gia thường xuyên các câu lạc bộ học thuật', 2, '0000-00-00 00:00:00', '0000-00-00 00:00:00', 1),
(19, 11, 'Cấp khoa', 4, '0000-00-00 00:00:00', '0000-00-00 00:00:00', 1),
(20, 11, 'Cấp trường', 6, '0000-00-00 00:00:00', '0000-00-00 00:00:00', 1),
(21, 11, 'Cấp toàn quốc', 10, '0000-00-00 00:00:00', '0000-00-00 00:00:00', 1),
(22, 17, 'Tham gia đầy đủ các buổi sinh hoạt chính trị xã hội theo quy định', 10, '0000-00-00 00:00:00', '0000-00-00 00:00:00', 1),
(23, 17, 'Vắng mặt 01 buổi không lý do', -5, '0000-00-00 00:00:00', '0000-00-00 00:00:00', 1),
(24, 19, 'Cấp khoa', 5, '0000-00-00 00:00:00', '0000-00-00 00:00:00', 1),
(25, 19, 'Cấp trường', 10, '0000-00-00 00:00:00', '0000-00-00 00:00:00', 1),
(26, 19, 'Được khen thưởng cấp toàn quốc', 15, '0000-00-00 00:00:00', '0000-00-00 00:00:00', 1),
(27, 34, 'Cấp khoa', 5, '0000-00-00 00:00:00', '0000-00-00 00:00:00', 1),
(28, 34, 'Cấp trường, cấp thành phố', 10, '0000-00-00 00:00:00', '0000-00-00 00:00:00', 1);

-- --------------------------------------------------------

--
-- Cấu trúc bảng cho bảng `diemrenluyensinhvien`
--

CREATE TABLE `diemrenluyensinhvien` (
  `Id` int(11) NOT NULL,
  `sinhvien_id` bigint(20) UNSIGNED DEFAULT NULL,
  `hocki_id` int(11) DEFAULT NULL,
  `diemrenluyen` int(11) DEFAULT NULL,
  `danhgia` text DEFAULT NULL,
  `status` int(11) NOT NULL
) ENGINE=InnoDB DEFAULT CHARSET=utf8mb4 COLLATE=utf8mb4_general_ci;

-- --------------------------------------------------------

--
-- Cấu trúc bảng cho bảng `dotchamdiem`
--

CREATE TABLE `dotchamdiem` (
  `id` int(11) NOT NULL,
  `hocki_id` int(11) NOT NULL,
  `startDate` date NOT NULL,
  `endDate` date NOT NULL,
  `name` text NOT NULL,
  `status` int(11) NOT NULL
) ENGINE=InnoDB DEFAULT CHARSET=utf8mb4 COLLATE=utf8mb4_general_ci;

--
-- Đang đổ dữ liệu cho bảng `dotchamdiem`
--

INSERT INTO `dotchamdiem` (`id`, `hocki_id`, `startDate`, `endDate`, `name`, `status`) VALUES
(14, 4, '2024-12-01', '2024-12-05', 'Sinh viên', 1),
(15, 4, '2024-12-01', '2024-12-31', 'Cố vấn', 1),
(16, 4, '2024-12-01', '2024-12-09', 'Khoa', 1),
(17, 4, '2024-12-01', '2024-12-11', 'Trường', 1);

-- --------------------------------------------------------

--
-- Cấu trúc bảng cho bảng `giangvien`
--

CREATE TABLE `giangvien` (
  `id` bigint(20) UNSIGNED NOT NULL,
  `name` varchar(255) NOT NULL,
  `email` varchar(255) NOT NULL,
  `created_at` timestamp NULL DEFAULT NULL,
  `updated_at` timestamp NULL DEFAULT NULL,
  `khoa_id` bigint(20) UNSIGNED NOT NULL,
  `ngaysinh` date NOT NULL,
  `gioitinh` tinyint(4) NOT NULL,
  `status` int(11) NOT NULL
) ENGINE=InnoDB DEFAULT CHARSET=utf8mb4 COLLATE=utf8mb4_unicode_ci;

--
-- Đang đổ dữ liệu cho bảng `giangvien`
--

INSERT INTO `giangvien` (`id`, `name`, `email`, `created_at`, `updated_at`, `khoa_id`, `ngaysinh`, `gioitinh`, `status`) VALUES
(1000000000, 'Phan Van Hoa', 'phan.vanhoa@school.edu', '2024-12-02 16:47:16', '2024-12-02 16:47:16', 1, '1982-09-18', 0, 1),
(1000000001, 'Hoang Thi Mai', 'hoang.thimai@school.edu', '2024-12-02 02:54:03', '2024-12-02 02:54:03', 1, '1982-10-12', 0, 1),
(1000000002, 'Vu Van Dung', 'vu.vandung@school.edu', '2024-12-02 02:54:04', '2024-12-02 02:54:04', 1, '2000-10-20', 0, 1),
(1000000003, 'Bui Thi Giang', 'bui.thigiang@school.edu', '2024-12-02 02:54:04', '2024-12-02 02:54:04', 1, '1981-02-27', 0, 1),
(1000000004, 'Pham Van Hoa', 'pham.vanhoa@example.com', '2024-12-02 02:54:05', '2024-12-02 02:54:05', 1, '1973-12-11', 0, 1),
(1000000005, 'Pham Van Binh', 'pham.vanbinh@school.edu', '2024-12-02 02:54:06', '2024-12-02 02:54:06', 1, '1975-01-08', 0, 1),
(1000000006, 'Dang Thi Giang', 'dang.thigiang@university.vn', '2024-12-02 02:54:06', '2024-12-02 02:54:06', 1, '1983-12-24', 0, 1),
(1000000007, 'Pham Thi Kim', 'pham.thikim@example.com', '2024-12-02 02:54:07', '2024-12-02 02:54:07', 1, '1988-11-19', 0, 1),
(1000000008, 'Phan Thi Giang', 'phan.thigiang@school.edu', '2024-12-02 02:54:07', '2024-12-02 02:54:07', 1, '1976-10-22', 0, 1),
(1000000009, 'Le Thi Giang', 'le.thigiang@example.com', '2024-12-02 02:54:08', '2024-12-02 02:54:08', 1, '1987-07-20', 0, 1),
(1000000010, 'Tran Thi Cam', 'tran.thicam@school.edu', '2024-12-02 02:54:08', '2024-12-02 02:54:08', 2, '1999-06-11', 1, 1),
(1000000011, 'Hoang Thi Mai', 'hoang.thimai@example.com', '2024-12-02 02:54:09', '2024-12-02 02:54:09', 2, '1989-04-25', 1, 1),
(1000000012, 'Nguyen Van Lam', 'nguyen.vanlam@school.edu', '2024-12-02 02:54:09', '2024-12-02 02:54:09', 2, '1980-10-23', 1, 1),
(1000000013, 'Pham Thi Cam', 'pham.thicam@example.com', '2024-12-02 02:54:10', '2024-12-02 02:54:10', 2, '1994-01-09', 1, 1),
(1000000014, 'Vo Van Binh', 'vo.vanbinh@school.edu', '2024-12-02 02:54:10', '2024-12-02 02:54:10', 2, '1974-07-13', 1, 1),
(1000000015, 'Pham Thi Cam', 'pham.thicam@example.com', '2024-12-02 02:54:11', '2024-12-02 02:54:11', 2, '1972-05-06', 1, 1),
(1000000016, 'Vo Thi Giang', 'vo.thigiang@university.vn', '2024-12-02 02:54:11', '2024-12-02 02:54:11', 2, '1988-07-06', 1, 1),
(1000000017, 'Phan Thi Bao', 'phan.thibao@example.com', '2024-12-02 02:54:12', '2024-12-02 02:54:12', 2, '1976-04-27', 1, 1),
(1000000018, 'Vo Thi Bao', 'vo.thibao@example.com', '2024-12-02 02:54:12', '2024-12-02 02:54:12', 2, '1993-12-25', 1, 1),
(1000000019, 'Vu Thi Kim', 'vu.thikim@example.com', '2024-12-02 02:54:13', '2024-12-02 02:54:13', 2, '1980-12-01', 1, 1),
(1000000020, 'Bui Van An', 'bui.vanan@university.vn', '2024-12-02 02:54:13', '2024-12-02 02:54:13', 3, '1971-08-12', 1, 1),
(1000000021, 'Dang Thi Mai', 'dang.thimai@school.edu', '2024-12-02 02:54:14', '2024-12-02 02:54:14', 3, '2000-08-23', 0, 1),
(1000000022, 'Hoang Van Hoa', 'hoang.vanhoa@university.vn', '2024-12-02 02:54:14', '2024-12-02 02:54:14', 3, '1993-01-19', 0, 1),
(1000000023, 'Phan Thi Giang', 'phan.thigiang@school.edu', '2024-12-02 02:54:15', '2024-12-02 02:54:15', 3, '1998-12-21', 0, 1),
(1000000024, 'Bui Thi Bao', 'bui.thibao@university.vn', '2024-12-02 02:54:15', '2024-12-02 02:54:15', 3, '1998-01-25', 0, 1),
(1000000025, 'Dang Van Lam', 'dang.vanlam@school.edu', '2024-12-02 02:54:16', '2024-12-02 02:54:16', 3, '1981-03-06', 0, 1),
(1000000026, 'Vu Thi Mai', 'vu.thimai@example.com', '2024-12-02 02:54:16', '2024-12-02 02:54:16', 3, '1974-03-17', 0, 1),
(1000000027, 'Nguyen Thi Cam', 'nguyen.thicam@example.com', '2024-12-02 02:54:17', '2024-12-02 02:54:17', 3, '1995-08-21', 0, 1),
(1000000028, 'Le Van Dung', 'le.vandung@example.com', '2024-12-02 02:54:17', '2024-12-02 02:54:17', 3, '1977-08-18', 0, 1),
(1000000029, 'Pham Van An', 'pham.vanan@university.vn', '2024-12-02 02:54:18', '2024-12-02 02:54:18', 3, '1984-08-06', 0, 1),
(1000000030, 'Vo Van Binh', 'vo.vanbinh@university.vn', '2024-12-02 02:54:18', '2024-12-02 02:54:18', 4, '1994-11-14', 0, 1),
(1000000031, 'Bui Thi Bao', 'bui.thibao@school.edu', '2024-12-02 02:54:19', '2024-12-02 02:54:19', 4, '1979-06-24', 1, 1),
(1000000032, 'Hoang Thi Bao', 'hoang.thibao@example.com', '2024-12-02 02:54:19', '2024-12-02 02:54:19', 4, '1974-07-13', 1, 1),
(1000000033, 'Nguyen Thi Kim', 'nguyen.thikim@university.vn', '2024-12-02 02:54:20', '2024-12-02 02:54:20', 4, '1987-09-24', 1, 1),
(1000000034, 'Vu Thi Kim', 'vu.thikim@example.com', '2024-12-02 02:54:21', '2024-12-02 02:54:21', 4, '1987-08-22', 1, 1),
(1000000035, 'Dang Thi Kim', 'dang.thikim@example.com', '2024-12-02 02:54:21', '2024-12-02 02:54:21', 4, '1986-12-10', 1, 1),
(1000000036, 'Le Van Lam', 'le.vanlam@university.vn', '2024-12-02 02:54:22', '2024-12-02 02:54:22', 4, '1988-11-16', 1, 1),
(1000000037, 'Pham Thi Cam', 'pham.thicam@university.vn', '2024-12-02 02:54:22', '2024-12-02 02:54:22', 4, '1999-12-27', 1, 1),
(1000000038, 'Hoang Van Binh', 'hoang.vanbinh@example.com', '2024-12-02 02:54:23', '2024-12-02 02:54:23', 4, '1997-08-12', 1, 1),
(1000000039, 'Hoang Van Binh', 'hoang.vanbinh@school.edu', '2024-12-02 02:54:23', '2024-12-02 02:54:23', 4, '1996-07-26', 1, 1),
(1000000040, 'Nguyen Van Hoa', 'nguyen.vanhoa@school.edu', '2024-12-02 02:54:24', '2024-12-02 02:54:24', 5, '1990-07-02', 1, 1),
(1000000041, 'Le Thi Mai', 'le.thimai@example.com', '2024-12-02 02:54:24', '2024-12-02 02:54:24', 5, '1986-07-01', 1, 1),
(1000000042, 'Nguyen Thi Kim', 'nguyen.thikim@example.com', '2024-12-02 02:54:25', '2024-12-02 02:54:25', 5, '1986-11-21', 0, 1),
(1000000043, 'Bui Thi Bao', 'bui.thibao@example.com', '2024-12-02 02:54:25', '2024-12-02 02:54:25', 5, '1990-04-27', 0, 1),
(1000000044, 'Vo Van An', 'vo.vanan@example.com', '2024-12-02 02:54:26', '2024-12-02 02:54:26', 5, '1978-06-22', 0, 1),
(1000000045, 'Dang Van An', 'dang.vanan@university.vn', '2024-12-02 02:54:26', '2024-12-02 02:54:26', 5, '1995-03-10', 0, 1),
(1000000046, 'Le Van An', 'le.vanan@example.com', '2024-12-02 02:54:27', '2024-12-02 02:54:27', 5, '1998-05-12', 0, 1),
(1000000047, 'Dang Van Hoa', 'dang.vanhoa@university.vn', '2024-12-02 02:54:27', '2024-12-02 02:54:27', 5, '1994-03-19', 0, 1),
(1000000048, 'Bui Thi Cam', 'bui.thicam@example.com', '2024-12-02 02:54:28', '2024-12-02 02:54:28', 5, '1999-11-04', 0, 1),
(1000000049, 'Vu Van Dung', 'vu.vandung@university.vn', '2024-12-02 02:54:28', '2024-12-02 02:54:28', 5, '1972-09-01', 0, 1),
(1000000050, 'Nguyen Thi Kim', 'nguyen.thikim@university.vn', '2024-12-02 02:54:29', '2024-12-02 02:54:29', 6, '1983-08-09', 0, 1),
(1000000051, 'Tran Thi Cam', 'tran.thicam@school.edu', '2024-12-02 02:54:29', '2024-12-02 02:54:29', 6, '1975-06-11', 0, 1),
(1000000052, 'Bui Thi Mai', 'bui.thimai@example.com', '2024-12-02 02:54:30', '2024-12-02 02:54:30', 6, '1980-01-20', 1, 1),
(1000000053, 'Dang Thi Kim', 'dang.thikim@school.edu', '2024-12-02 02:54:30', '2024-12-02 02:54:30', 6, '1997-04-16', 1, 1),
(1000000054, 'Tran Thi Bao', 'tran.thibao@university.vn', '2024-12-02 02:54:31', '2024-12-02 02:54:31', 6, '1999-12-09', 1, 1),
(1000000055, 'Dang Van Lam', 'dang.vanlam@school.edu', '2024-12-02 02:54:31', '2024-12-02 02:54:31', 6, '1975-11-16', 1, 1),
(1000000056, 'Tran Thi Kim', 'tran.thikim@university.vn', '2024-12-02 02:54:32', '2024-12-02 02:54:32', 6, '1980-03-09', 1, 1),
(1000000057, 'Nguyen Thi Kim', 'nguyen.thikim@school.edu', '2024-12-02 02:54:33', '2024-12-02 02:54:33', 6, '1986-10-06', 1, 1),
(1000000058, 'Nguyen Van Hoa', 'nguyen.vanhoa@school.edu', '2024-12-02 02:54:33', '2024-12-02 02:54:33', 6, '1979-11-19', 1, 1),
(1000000059, 'Hoang Van Hoa', 'hoang.vanhoa@example.com', '2024-12-02 02:54:34', '2024-12-02 02:54:34', 6, '1985-05-19', 1, 1),
(1000000060, 'Nguyen Van Lam', 'nguyen.vanlam@school.edu', '2024-12-02 02:54:34', '2024-12-02 02:54:34', 7, '1974-11-19', 1, 1),
(1000000061, 'Bui Van Hoa', 'bui.vanhoa@school.edu', '2024-12-02 02:54:35', '2024-12-02 02:54:35', 7, '1994-04-23', 1, 1),
(1000000062, 'Hoang Thi Cam', 'hoang.thicam@university.vn', '2024-12-02 02:54:35', '2024-12-02 02:54:35', 7, '1982-12-15', 1, 1),
(1000000063, 'Dang Van Hoa', 'dang.vanhoa@example.com', '2024-12-02 02:54:36', '2024-12-02 02:54:36', 7, '1988-03-08', 0, 1),
(1000000064, 'Vo Thi Cam', 'vo.thicam@school.edu', '2024-12-02 02:54:36', '2024-12-02 02:54:36', 7, '1977-07-16', 0, 1),
(1000000065, 'Pham Van Lam', 'pham.vanlam@university.vn', '2024-12-02 02:54:37', '2024-12-02 02:54:37', 7, '1996-06-20', 0, 1),
(1000000066, 'Vo Van Binh', 'vo.vanbinh@school.edu', '2024-12-02 02:54:37', '2024-12-02 02:54:37', 7, '1987-04-07', 0, 1),
(1000000067, 'Pham Van Dung', 'pham.vandung@example.com', '2024-12-02 02:54:38', '2024-12-02 02:54:38', 7, '1992-08-14', 0, 1),
(1000000068, 'Vu Van Dung', 'vu.vandung@school.edu', '2024-12-02 02:54:38', '2024-12-02 02:54:38', 7, '1987-05-24', 0, 1),
(1000000069, 'Nguyen Van Binh', 'nguyen.vanbinh@school.edu', '2024-12-02 02:54:39', '2024-12-02 02:54:39', 7, '1977-07-17', 0, 1),
(1000000070, 'Nguyen Thi Bao', 'nguyen.thibao@school.edu', '2024-12-02 02:54:39', '2024-12-02 02:54:39', 8, '1983-07-13', 0, 1),
(1000000071, 'Vo Thi Bao', 'vo.thibao@school.edu', '2024-12-02 02:54:40', '2024-12-02 02:54:40', 8, '1979-09-08', 0, 1),
(1000000072, 'Nguyen Thi Kim', 'nguyen.thikim@university.vn', '2024-12-02 02:54:40', '2024-12-02 02:54:40', 8, '1970-04-26', 0, 1),
(1000000073, 'Bui Thi Bao', 'bui.thibao@university.vn', '2024-12-02 02:54:41', '2024-12-02 02:54:41', 8, '1980-06-24', 1, 1),
(1000000074, 'Pham Van Hoa', 'pham.vanhoa@school.edu', '2024-12-02 02:54:41', '2024-12-02 02:54:41', 8, '1988-01-02', 1, 1),
(1000000075, 'Bui Thi Mai', 'bui.thimai@school.edu', '2024-12-02 02:54:42', '2024-12-02 02:54:42', 8, '1992-10-26', 1, 1),
(1000000076, 'Hoang Van Hoa', 'hoang.vanhoa@university.vn', '2024-12-02 02:54:42', '2024-12-02 02:54:42', 8, '1986-09-05', 1, 1),
(1000000077, 'Vo Van Binh', 'vo.vanbinh@school.edu', '2024-12-02 02:54:43', '2024-12-02 02:54:43', 8, '1985-08-14', 1, 1),
(1000000078, 'Phan Thi Cam', 'phan.thicam@university.vn', '2024-12-02 02:54:44', '2024-12-02 02:54:44', 8, '1985-12-24', 1, 1),
(1000000079, 'Hoang Van Hoa', 'hoang.vanhoa@example.com', '2024-12-02 02:54:44', '2024-12-02 02:54:44', 8, '1993-11-28', 1, 1),
(1000000080, 'Vo Van Dung', 'vo.vandung@school.edu', '2024-12-02 02:54:45', '2024-12-02 02:54:45', 9, '1981-03-14', 1, 1),
(1000000081, 'Le Thi Giang', 'le.thigiang@school.edu', '2024-12-02 02:54:45', '2024-12-02 02:54:45', 9, '1987-10-27', 1, 1),
(1000000082, 'Pham Thi Bao', 'pham.thibao@school.edu', '2024-12-02 02:54:46', '2024-12-02 02:54:46', 9, '1983-04-23', 1, 1),
(1000000083, 'Vo Thi Giang', 'vo.thigiang@school.edu', '2024-12-02 02:54:46', '2024-12-02 02:54:46', 9, '1983-10-03', 1, 1),
(1000000084, 'Dang Thi Giang', 'dang.thigiang@school.edu', '2024-12-02 02:54:47', '2024-12-02 02:54:47', 9, '1997-10-04', 0, 1),
(1000000085, 'Vu Thi Kim', 'vu.thikim@example.com', '2024-12-02 02:54:47', '2024-12-02 02:54:47', 9, '1980-03-27', 0, 1),
(1000000086, 'Tran Van Hoa', 'tran.vanhoa@school.edu', '2024-12-02 02:54:48', '2024-12-02 02:54:48', 9, '1996-08-14', 0, 1),
(1000000087, 'Phan Van Dung', 'phan.vandung@school.edu', '2024-12-02 02:54:48', '2024-12-02 02:54:48', 9, '1979-05-04', 0, 1),
(1000000088, 'Le Thi Mai', 'le.thimai@example.com', '2024-12-02 02:54:49', '2024-12-02 02:54:49', 9, '1974-08-25', 0, 1),
(1000000089, 'Le Van Binh', 'le.vanbinh@university.vn', '2024-12-02 02:54:50', '2024-12-02 02:54:50', 9, '1974-11-26', 0, 1),
(1000000090, 'Phan Thi Giang', 'phan.thigiang@university.vn', '2024-12-02 02:54:50', '2024-12-02 02:54:50', 10, '1979-07-02', 0, 1),
(1000000091, 'Dang Thi Cam', 'dang.thicam@example.com', '2024-12-02 02:54:51', '2024-12-02 02:54:51', 10, '1979-11-08', 0, 1),
(1000000092, 'Tran Thi Kim', 'tran.thikim@example.com', '2024-12-02 02:54:51', '2024-12-02 02:54:51', 10, '1997-02-02', 0, 1),
(1000000093, 'Nguyen Thi Cam', 'nguyen.thicam@example.com', '2024-12-02 02:54:52', '2024-12-02 02:54:52', 10, '1975-06-03', 0, 1),
(1000000094, 'Vo Van Dung', 'vo.vandung@school.edu', '2024-12-02 02:54:52', '2024-12-02 02:54:52', 10, '1984-05-23', 1, 1),
(1000000095, 'Tran Thi Giang', 'tran.thigiang@university.vn', '2024-12-02 02:54:53', '2024-12-02 02:54:53', 10, '1994-05-16', 1, 1),
(1000000096, 'Vo Thi Kim', 'vo.thikim@example.com', '2024-12-02 02:54:54', '2024-12-02 02:54:54', 10, '1973-08-12', 1, 1),
(1000000097, 'Tran Van Binh', 'tran.vanbinh@university.vn', '2024-12-02 02:54:54', '2024-12-02 02:54:54', 10, '1983-12-12', 1, 1),
(1000000098, 'Pham Van Hoa', 'pham.vanhoa@school.edu', '2024-12-02 02:54:55', '2024-12-02 02:54:55', 10, '1973-09-20', 1, 1),
(1000000099, 'Bui Thi Giang', 'bui.thigiang@school.edu', '2024-12-02 02:54:55', '2024-12-02 02:54:55', 10, '1991-04-05', 1, 1),
(1000000100, 'Phan Van Hoa', 'phan.vanhoa@school.edu', '2024-12-02 02:54:56', '2024-12-02 02:54:56', 11, '1982-09-18', 1, 1),
(1000000101, 'Hoang Thi Mai', 'hoang.thimai@school.edu', '2024-12-02 02:54:57', '2024-12-02 02:54:57', 11, '1982-10-12', 1, 1),
(1000000102, 'Vu Van Dung', 'vu.vandung@school.edu', '2024-12-02 02:54:57', '2024-12-02 02:54:57', 11, '2000-10-20', 1, 1),
(1000000103, 'Bui Thi Giang', 'bui.thigiang@school.edu', '2024-12-02 02:54:58', '2024-12-02 02:54:58', 11, '1981-02-27', 1, 1),
(1000000104, 'Pham Van Hoa', 'pham.vanhoa@example.com', '2024-12-02 02:54:58', '2024-12-02 02:54:58', 11, '1973-12-11', 1, 1),
(1000000105, 'Pham Van Binh', 'pham.vanbinh@school.edu', '2024-12-02 02:54:59', '2024-12-02 02:54:59', 11, '1975-01-08', 0, 1),
(1000000106, 'Dang Thi Giang', 'dang.thigiang@university.vn', '2024-12-02 02:54:59', '2024-12-02 02:54:59', 11, '1983-12-24', 0, 1),
(1000000107, 'Pham Thi Kim', 'pham.thikim@example.com', '2024-12-02 02:55:00', '2024-12-02 02:55:00', 11, '1988-11-19', 0, 1),
(1000000108, 'Phan Thi Giang', 'phan.thigiang@school.edu', '2024-12-02 02:55:01', '2024-12-02 02:55:01', 11, '1976-10-22', 0, 1),
(1000000109, 'Le Thi Giang', 'le.thigiang@example.com', '2024-12-02 02:55:01', '2024-12-02 02:55:01', 11, '1987-07-20', 0, 1),
(1000000110, 'Tran Thi Cam', 'tran.thicam@school.edu', '2024-12-02 02:55:02', '2024-12-02 02:55:02', 12, '1999-06-11', 0, 1),
(1000000111, 'Hoang Thi Mai', 'hoang.thimai@example.com', '2024-12-02 02:55:02', '2024-12-02 02:55:02', 12, '1989-04-25', 0, 1),
(1000000112, 'Nguyen Van Lam', 'nguyen.vanlam@school.edu', '2024-12-02 02:55:03', '2024-12-02 02:55:03', 12, '1980-10-23', 0, 1),
(1000000113, 'Pham Thi Cam', 'pham.thicam@example.com', '2024-12-02 02:55:03', '2024-12-02 02:55:03', 12, '1994-01-09', 0, 1),
(1000000114, 'Vo Van Binh', 'vo.vanbinh@school.edu', '2024-12-02 02:55:04', '2024-12-02 02:55:04', 12, '1974-07-13', 0, 1),
(1000000115, 'Pham Thi Cam', 'pham.thicam@example.com', '2024-12-02 02:55:04', '2024-12-02 02:55:04', 12, '1972-05-06', 1, 1),
(1000000116, 'Vo Thi Giang', 'vo.thigiang@university.vn', '2024-12-02 02:55:05', '2024-12-02 02:55:05', 12, '1988-07-06', 1, 1),
(1000000117, 'Phan Thi Bao', 'phan.thibao@example.com', '2024-12-02 02:55:06', '2024-12-02 02:55:06', 12, '1976-04-27', 1, 1),
(1000000118, 'Vo Thi Bao', 'vo.thibao@example.com', '2024-12-02 02:55:06', '2024-12-02 02:55:06', 12, '1993-12-25', 1, 1),
(1000000119, 'Vu Thi Kim', 'vu.thikim@example.com', '2024-12-02 02:55:07', '2024-12-02 02:55:07', 12, '1980-12-01', 1, 1),
(1000000120, 'Bui Van An', 'bui.vanan@university.vn', '2024-12-02 02:55:08', '2024-12-02 02:55:08', 13, '1971-08-12', 1, 1),
(1000000121, 'Dang Thi Mai', 'dang.thimai@school.edu', '2024-12-02 02:55:09', '2024-12-02 02:55:09', 13, '2000-08-23', 1, 1),
(1000000122, 'Hoang Van Hoa', 'hoang.vanhoa@university.vn', '2024-12-02 02:55:09', '2024-12-02 02:55:09', 13, '1993-01-19', 1, 1),
(1000000123, 'Phan Thi Giang', 'phan.thigiang@school.edu', '2024-12-02 02:55:10', '2024-12-02 02:55:10', 13, '1998-12-21', 1, 1),
(1000000124, 'Bui Thi Bao', 'bui.thibao@university.vn', '2024-12-02 02:55:11', '2024-12-02 02:55:11', 13, '1998-01-25', 1, 1),
(1000000125, 'Dang Van Lam', 'dang.vanlam@school.edu', '2024-12-02 02:55:11', '2024-12-02 02:55:11', 13, '1981-03-06', 1, 1),
(1000000126, 'Vu Thi Mai', 'vu.thimai@example.com', '2024-12-02 02:55:12', '2024-12-02 02:55:12', 13, '1974-03-17', 0, 1),
(1000000127, 'Nguyen Thi Cam', 'nguyen.thicam@example.com', '2024-12-02 02:55:12', '2024-12-02 02:55:12', 13, '1995-08-21', 0, 1),
(1000000128, 'Le Van Dung', 'le.vandung@example.com', '2024-12-02 02:55:13', '2024-12-02 02:55:13', 13, '1977-08-18', 0, 1),
(1000000129, 'Pham Van An', 'pham.vanan@university.vn', '2024-12-02 02:55:13', '2024-12-02 02:55:13', 13, '1984-08-06', 0, 1),
(1000000130, 'Vo Van Binh', 'vo.vanbinh@university.vn', '2024-12-02 02:55:14', '2024-12-02 02:55:14', 14, '1994-11-14', 0, 1),
(1000000131, 'Bui Thi Bao', 'bui.thibao@school.edu', '2024-12-02 02:55:15', '2024-12-02 02:55:15', 14, '1979-06-24', 0, 1),
(1000000132, 'Hoang Thi Bao', 'hoang.thibao@example.com', '2024-12-02 02:55:15', '2024-12-02 02:55:15', 14, '1974-07-13', 0, 1),
(1000000133, 'Nguyen Thi Kim', 'nguyen.thikim@university.vn', '2024-12-02 02:55:16', '2024-12-02 02:55:16', 14, '1987-09-24', 0, 1),
(1000000134, 'Vu Thi Kim', 'vu.thikim@example.com', '2024-12-02 02:55:16', '2024-12-02 02:55:16', 14, '1987-08-22', 0, 1),
(1000000135, 'Dang Thi Kim', 'dang.thikim@example.com', '2024-12-02 02:55:17', '2024-12-02 02:55:17', 14, '1986-12-10', 0, 1),
(1000000136, 'Le Van Lam', 'le.vanlam@university.vn', '2024-12-02 02:55:18', '2024-12-02 02:55:18', 14, '1988-11-16', 1, 1),
(1000000137, 'Pham Thi Cam', 'pham.thicam@university.vn', '2024-12-02 02:55:18', '2024-12-02 02:55:18', 14, '1999-12-27', 1, 1),
(1000000138, 'Hoang Van Binh', 'hoang.vanbinh@example.com', '2024-12-02 02:55:19', '2024-12-02 02:55:19', 14, '1997-08-12', 1, 1),
(1000000139, 'Hoang Van Binh', 'hoang.vanbinh@school.edu', '2024-12-02 02:55:19', '2024-12-02 02:55:19', 14, '1996-07-26', 1, 1),
(1000000140, 'Nguyen Van Hoa', 'nguyen.vanhoa@school.edu', '2024-12-02 02:55:20', '2024-12-02 02:55:20', 15, '1990-07-02', 1, 1),
(1000000141, 'Le Thi Mai', 'le.thimai@example.com', '2024-12-02 02:55:21', '2024-12-02 02:55:21', 15, '1986-07-01', 1, 1),
(1000000142, 'Nguyen Thi Kim', 'nguyen.thikim@example.com', '2024-12-02 02:55:21', '2024-12-02 02:55:21', 15, '1986-11-21', 1, 1),
(1000000143, 'Bui Thi Bao', 'bui.thibao@example.com', '2024-12-02 02:55:22', '2024-12-02 02:55:22', 15, '1990-04-27', 1, 1),
(1000000144, 'Vo Van An', 'vo.vanan@example.com', '2024-12-02 02:55:22', '2024-12-02 02:55:22', 15, '1978-06-22', 1, 1),
(1000000145, 'Dang Van An', 'dang.vanan@university.vn', '2024-12-02 02:55:23', '2024-12-02 02:55:23', 15, '1995-03-10', 1, 1),
(1000000146, 'Le Van An', 'le.vanan@example.com', '2024-12-02 02:55:23', '2024-12-02 02:55:23', 15, '1998-05-12', 1, 1),
(1000000147, 'Dang Van Hoa', 'dang.vanhoa@university.vn', '2024-12-02 02:55:24', '2024-12-02 02:55:24', 15, '1994-03-19', 0, 1),
(1000000148, 'Bui Thi Cam', 'bui.thicam@example.com', '2024-12-02 02:55:24', '2024-12-02 02:55:24', 15, '1999-11-04', 0, 1),
(1000000149, 'Vu Van Dung', 'vu.vandung@university.vn', '2024-12-02 02:55:25', '2024-12-02 02:55:25', 15, '1972-09-01', 0, 1),
(1000000150, 'Nguyen Thi Kim', 'nguyen.thikim@university.vn', '2024-12-02 02:55:26', '2024-12-02 02:55:26', 16, '1983-08-09', 0, 1),
(1000000151, 'Tran Thi Cam', 'tran.thicam@school.edu', '2024-12-02 02:55:27', '2024-12-02 02:55:27', 16, '1975-06-11', 0, 1),
(1000000152, 'Bui Thi Mai', 'bui.thimai@example.com', '2024-12-02 02:55:27', '2024-12-02 02:55:27', 16, '1980-01-20', 0, 1),
(1000000153, 'Dang Thi Kim', 'dang.thikim@school.edu', '2024-12-02 02:55:28', '2024-12-02 02:55:28', 16, '1997-04-16', 0, 1),
(1000000154, 'Tran Thi Bao', 'tran.thibao@university.vn', '2024-12-02 02:55:29', '2024-12-02 02:55:29', 16, '1999-12-09', 0, 1),
(1000000155, 'Dang Van Lam', 'dang.vanlam@school.edu', '2024-12-02 02:55:29', '2024-12-02 02:55:29', 16, '1975-11-16', 0, 1),
(1000000156, 'Tran Thi Kim', 'tran.thikim@university.vn', '2024-12-02 02:55:30', '2024-12-02 02:55:30', 16, '1980-03-09', 0, 1),
(1000000157, 'Nguyen Thi Kim', 'nguyen.thikim@school.edu', '2024-12-02 02:55:31', '2024-12-02 02:55:31', 16, '1986-10-06', 1, 1),
(1000000158, 'Nguyen Van Hoa', 'nguyen.vanhoa@school.edu', '2024-12-02 02:55:31', '2024-12-02 02:55:31', 16, '1979-11-19', 1, 1),
(1000000159, 'Hoang Van Hoa', 'hoang.vanhoa@example.com', '2024-12-02 02:55:32', '2024-12-02 02:55:32', 16, '1985-05-19', 1, 1),
(1000000160, 'Nguyen Van Lam', 'nguyen.vanlam@school.edu', '2024-12-02 02:55:33', '2024-12-02 02:55:33', 17, '1974-11-19', 1, 1),
(1000000161, 'Bui Van Hoa', 'bui.vanhoa@school.edu', '2024-12-02 02:55:33', '2024-12-02 02:55:33', 17, '1994-04-23', 1, 1),
(1000000162, 'Hoang Thi Cam', 'hoang.thicam@university.vn', '2024-12-02 02:55:34', '2024-12-02 02:55:34', 17, '1982-12-15', 1, 1),
(1000000163, 'Dang Van Hoa', 'dang.vanhoa@example.com', '2024-12-02 02:55:34', '2024-12-02 02:55:34', 17, '1988-03-08', 1, 1),
(1000000164, 'Vo Thi Cam', 'vo.thicam@school.edu', '2024-12-02 02:55:35', '2024-12-02 02:55:35', 17, '1977-07-16', 1, 1),
(1000000165, 'Pham Van Lam', 'pham.vanlam@university.vn', '2024-12-02 02:55:36', '2024-12-02 02:55:36', 17, '1996-06-20', 1, 1),
(1000000166, 'Vo Van Binh', 'vo.vanbinh@school.edu', '2024-12-02 02:55:36', '2024-12-02 02:55:36', 17, '1987-04-07', 1, 1),
(1000000167, 'Pham Van Dung', 'pham.vandung@example.com', '2024-12-02 02:55:37', '2024-12-02 02:55:37', 17, '1992-08-14', 1, 1),
(1000000168, 'Vu Van Dung', 'vu.vandung@school.edu', '2024-12-02 02:55:37', '2024-12-02 02:55:37', 17, '1987-05-24', 0, 1),
(1000000169, 'Nguyen Van Binh', 'nguyen.vanbinh@school.edu', '2024-12-02 02:55:38', '2024-12-02 02:55:38', 17, '1977-07-17', 0, 1),
(1000000170, 'Nguyen Thi Bao', 'nguyen.thibao@school.edu', '2024-12-02 02:55:39', '2024-12-02 02:55:39', 18, '1983-07-13', 0, 1),
(1000000171, 'Vo Thi Bao', 'vo.thibao@school.edu', '2024-12-02 02:55:40', '2024-12-02 02:55:40', 18, '1979-09-08', 0, 1),
(1000000172, 'Nguyen Thi Kim', 'nguyen.thikim@university.vn', '2024-12-02 02:55:41', '2024-12-02 02:55:41', 18, '1970-04-26', 0, 1),
(1000000173, 'Bui Thi Bao', 'bui.thibao@university.vn', '2024-12-02 02:55:41', '2024-12-02 02:55:41', 18, '1980-06-24', 0, 1),
(1000000174, 'Pham Van Hoa', 'pham.vanhoa@school.edu', '2024-12-02 02:55:42', '2024-12-02 02:55:42', 18, '1988-01-02', 0, 1),
(1000000175, 'Bui Thi Mai', 'bui.thimai@school.edu', '2024-12-02 02:55:43', '2024-12-02 02:55:43', 18, '1992-10-26', 0, 1),
(1000000176, 'Hoang Van Hoa', 'hoang.vanhoa@university.vn', '2024-12-02 02:55:43', '2024-12-02 02:55:43', 18, '1986-09-05', 0, 1),
(1000000177, 'Vo Van Binh', 'vo.vanbinh@school.edu', '2024-12-02 02:55:44', '2024-12-02 02:55:44', 18, '1985-08-14', 0, 1),
(1000000178, 'Phan Thi Cam', 'phan.thicam@university.vn', '2024-12-02 02:55:45', '2024-12-02 02:55:45', 18, '1985-12-24', 1, 1),
(1000000179, 'Hoang Van Hoa', 'hoang.vanhoa@example.com', '2024-12-02 02:55:46', '2024-12-02 02:55:46', 18, '1993-11-28', 1, 1),
(1000000180, 'Vo Van Dung', 'vo.vandung@school.edu', '2024-12-02 02:55:46', '2024-12-02 02:55:46', 19, '1981-03-14', 1, 1),
(1000000181, 'Le Thi Giang', 'le.thigiang@school.edu', '2024-12-02 02:55:47', '2024-12-02 02:55:47', 19, '1987-10-27', 1, 1),
(1000000182, 'Pham Thi Bao', 'pham.thibao@school.edu', '2024-12-02 02:55:48', '2024-12-02 02:55:48', 19, '1983-04-23', 1, 1),
(1000000183, 'Vo Thi Giang', 'vo.thigiang@school.edu', '2024-12-02 02:55:48', '2024-12-02 02:55:48', 19, '1983-10-03', 1, 1),
(1000000184, 'Dang Thi Giang', 'dang.thigiang@school.edu', '2024-12-02 02:55:49', '2024-12-02 02:55:49', 19, '1997-10-04', 1, 1),
(1000000185, 'Vu Thi Kim', 'vu.thikim@example.com', '2024-12-02 02:55:49', '2024-12-02 02:55:49', 19, '1980-03-27', 1, 1),
(1000000186, 'Tran Van Hoa', 'tran.vanhoa@school.edu', '2024-12-02 02:55:50', '2024-12-02 02:55:50', 19, '1996-08-14', 1, 1),
(1000000187, 'Phan Van Dung', 'phan.vandung@school.edu', '2024-12-02 02:55:51', '2024-12-02 02:55:51', 19, '1979-05-04', 1, 1),
(1000000188, 'Le Thi Mai', 'le.thimai@example.com', '2024-12-02 02:55:51', '2024-12-02 02:55:51', 19, '1974-08-25', 1, 1),
(1000000189, 'Le Van Binh', 'le.vanbinh@university.vn', '2024-12-02 02:55:52', '2024-12-02 02:55:52', 19, '1974-11-26', 1, 1);

-- --------------------------------------------------------

--
-- Cấu trúc bảng cho bảng `hehoc`
--

CREATE TABLE `hehoc` (
  `id` int(11) NOT NULL,
  `name` varchar(255) DEFAULT NULL,
  `status` int(11) NOT NULL
) ENGINE=InnoDB DEFAULT CHARSET=utf8 COLLATE=utf8_unicode_ci;

--
-- Đang đổ dữ liệu cho bảng `hehoc`
--

INSERT INTO `hehoc` (`id`, `name`, `status`) VALUES
(1, 'Hệ đại học', 1),
(2, 'Hệ cao đẳng', 1),
(3, 'Hệ cao học', 1),
(4, 'Hệ cao đẳng', 0),
(5, 'Hệ chính quy', 1),
(6, 'Hệ chất lượng cao', 1),
(7, 'Hệ VHVL', 1);

-- --------------------------------------------------------

--
-- Cấu trúc bảng cho bảng `hocky`
--

CREATE TABLE `hocky` (
  `Id` int(11) NOT NULL,
  `Name` varchar(50) NOT NULL,
  `namhoc` int(11) NOT NULL,
  `status` int(11) NOT NULL DEFAULT 1
) ENGINE=InnoDB DEFAULT CHARSET=utf8mb4 COLLATE=utf8mb4_general_ci;

--
-- Đang đổ dữ liệu cho bảng `hocky`
--

INSERT INTO `hocky` (`Id`, `Name`, `namhoc`, `status`) VALUES
(4, '1', 2024, 1),
(5, '2', 2024, 1),
(6, '2', 2025, 1),
(7, '1', 2025, 1);

-- --------------------------------------------------------

--
-- Cấu trúc bảng cho bảng `khoa`
--

CREATE TABLE `khoa` (
  `id` bigint(20) UNSIGNED NOT NULL,
  `tenkhoa` varchar(255) NOT NULL,
  `created_at` timestamp NULL DEFAULT NULL,
  `updated_at` timestamp NULL DEFAULT NULL,
  `status` int(11) NOT NULL
) ENGINE=InnoDB DEFAULT CHARSET=utf8mb4 COLLATE=utf8mb4_unicode_ci;

--
-- Đang đổ dữ liệu cho bảng `khoa`
--

INSERT INTO `khoa` (`id`, `tenkhoa`, `created_at`, `updated_at`, `status`) VALUES
(1, 'Công nghệ Thông tin', '2024-10-12 16:17:28', '2024-12-02 01:58:17', 1),
(2, 'Kinh tế', '2024-10-12 16:17:28', '2024-10-12 16:17:28', 1),
(3, 'Xây Dựng', '2024-11-17 13:30:03', '2024-11-17 13:30:03', 1),
(4, 'Ngoại Ngữ', '2024-11-17 13:30:03', '2024-11-17 13:30:03', 1),
(5, 'Điện tử viễn thông', '2024-12-02 01:57:36', '2024-12-02 01:57:36', 1),
(6, 'Giáo dục', '2024-12-02 01:57:55', '2024-12-02 01:57:55', 1),
(7, 'Giáo dục Chính trị', '2024-12-02 01:58:12', '2024-12-02 01:58:12', 1),
(8, 'Giáo dục Mầm non', '2024-12-02 01:58:29', '2024-12-02 01:58:29', 1),
(9, 'Luật', '2024-12-02 01:58:43', '2024-12-02 01:58:43', 1),
(10, 'Toán - Ứng dụng', '2024-12-02 02:00:59', '2024-12-02 02:00:59', 1),
(11, 'Môi trường', '2024-12-02 02:01:13', '2024-12-02 02:01:13', 1),
(12, 'Nghệ thuật', '2024-12-02 02:01:21', '2024-12-02 02:01:21', 1),
(13, 'Quản trị Kinh doanh', '2024-12-02 02:01:39', '2024-12-02 02:01:39', 1),
(14, 'Giáo dục Tiểu học', '2024-12-02 02:01:51', '2024-12-02 02:01:51', 1),
(15, 'Văn hóa và Du lịch', '2024-12-02 02:02:27', '2024-12-02 02:02:27', 1),
(16, 'Tài chính - Kế toán', '2024-12-02 02:02:42', '2024-12-02 02:02:42', 1),
(17, 'Sư phạm Khoa học Tự nhiên', '2024-12-02 02:03:23', '2024-12-02 02:03:23', 1),
(18, 'Sư phạm Khoa học Xã hội', '2024-12-02 02:03:34', '2024-12-02 02:03:34', 1),
(19, 'Thư viện- Văn phòng', '2024-12-02 02:05:02', '2024-12-02 02:05:02', 1);

-- --------------------------------------------------------

--
-- Cấu trúc bảng cho bảng `lop`
--

CREATE TABLE `lop` (
  `id` bigint(20) UNSIGNED NOT NULL,
  `tenlop` varchar(255) NOT NULL,
  `covan_id` bigint(20) UNSIGNED DEFAULT NULL,
  `khoa_id` bigint(20) UNSIGNED NOT NULL,
  `hedaotao` int(11) NOT NULL,
  `created_at` timestamp NULL DEFAULT current_timestamp(),
  `updated_at` timestamp NULL DEFAULT current_timestamp(),
  `status` int(11) NOT NULL
) ENGINE=InnoDB DEFAULT CHARSET=utf8mb4 COLLATE=utf8mb4_unicode_ci;

--
-- Đang đổ dữ liệu cho bảng `lop`
--

INSERT INTO `lop` (`id`, `tenlop`, `covan_id`, `khoa_id`, `hedaotao`, `created_at`, `updated_at`, `status`) VALUES
(16, 'DCT1211', 1000000001, 1, 5, '2024-12-01 20:04:23', '2024-12-03 17:01:29', 1),
(17, 'DCT1212', 1000000001, 1, 5, '2024-12-01 20:04:23', '2024-12-03 17:01:33', 1),
(18, 'DCT1213', 1000000001, 1, 5, '2024-12-01 20:04:23', '2024-12-03 17:01:38', 1),
(19, 'DCT1214', 1000000001, 1, 5, '2024-12-01 20:04:23', '2024-12-03 17:01:42', 1),
(20, 'DCT1215', 1000000001, 1, 5, '2024-12-01 20:04:23', '2024-12-02 17:05:52', 1),
(21, 'DCT1216', 1000000001, 1, 5, '2024-12-01 20:04:23', '2024-12-01 20:04:23', 1),
(22, 'DCT1217', 1000000001, 1, 5, '2024-12-01 20:04:23', '2024-12-01 20:04:23', 1),
(23, 'DCT1218', 1000000001, 1, 5, '2024-12-01 20:04:23', '2024-12-01 20:04:23', 1),
(24, 'DCT1219', 1000000001, 1, 5, '2024-12-01 20:04:23', '2024-12-01 20:04:23', 1),
(25, 'DCT1221', 1000000001, 1, 5, '2024-12-01 20:04:23', '2024-12-01 20:04:23', 1),
(26, 'DCT1222', 1000000002, 1, 5, '2024-12-01 20:04:23', '2024-12-01 20:04:23', 1),
(27, 'DCT1223', 1000000002, 1, 5, '2024-12-01 20:04:23', '2024-12-01 20:04:23', 1),
(28, 'DCT1224', 1000000002, 1, 5, '2024-12-01 20:04:23', '2024-12-01 20:04:23', 1),
(29, 'DCT1225', 1000000002, 1, 5, '2024-12-01 20:04:23', '2024-12-01 20:04:23', 1),
(30, 'DCT1226', 1000000002, 1, 5, '2024-12-01 20:04:23', '2024-12-01 20:04:23', 1),
(31, 'DCT1227', 1000000003, 1, 5, '2024-12-01 20:04:23', '2024-12-01 20:04:23', 1),
(32, 'DCT1228', 1000000003, 1, 5, '2024-12-01 20:04:23', '2024-12-01 20:04:23', 1),
(33, 'DCT1229', 1000000003, 1, 5, '2024-12-01 20:04:23', '2024-12-01 20:04:23', 1),
(34, 'DCT1231', 1000000003, 1, 5, '2024-12-01 20:04:23', '2024-12-01 20:04:23', 1),
(35, 'DCT1232', 1000000003, 1, 5, '2024-12-01 20:04:23', '2024-12-01 20:04:23', 1),
(36, 'DCT1233', 1000000003, 1, 5, '2024-12-01 20:04:23', '2024-12-01 20:04:23', 1),
(37, 'DCT1234', 1000000004, 1, 5, '2024-12-01 20:04:23', '2024-12-01 20:04:23', 1),
(38, 'DCT1235', 1000000004, 1, 5, '2024-12-01 20:04:23', '2024-12-01 20:04:23', 1),
(39, 'DCT1236', 1000000004, 1, 5, '2024-12-01 20:04:23', '2024-12-01 20:04:23', 1),
(40, 'DCT1237', 1000000004, 1, 5, '2024-12-01 20:04:23', '2024-12-01 20:04:23', 1),
(41, 'DCT1238', 1000000004, 1, 5, '2024-12-01 20:04:23', '2024-12-01 20:04:23', 1),
(42, 'DCT1239', 1000000005, 1, 5, '2024-12-01 20:04:23', '2024-12-01 20:04:23', 1),
(43, 'DCT1241', 1000000005, 1, 5, '2024-12-01 20:04:23', '2024-12-01 20:04:23', 1),
(44, 'DCT1242', 1000000005, 1, 5, '2024-12-01 20:04:23', '2024-12-01 20:04:23', 1),
(45, 'DCT1243', 1000000005, 1, 5, '2024-12-01 20:04:23', '2024-12-01 20:04:23', 1),
(46, 'DCT1244', 1000000005, 1, 5, '2024-12-01 20:04:23', '2024-12-01 20:04:23', 1),
(47, 'DCT1245', 1000000006, 1, 5, '2024-12-01 20:04:23', '2024-12-01 20:04:23', 1),
(48, 'DCT1246', 1000000007, 1, 5, '2024-12-01 20:04:23', '2024-12-01 20:04:23', 1),
(49, 'DCT1247', 1000000008, 1, 5, '2024-12-01 20:04:23', '2024-12-01 20:04:23', 1),
(50, 'DCT1248', 1000000008, 1, 5, '2024-12-01 20:04:23', '2024-12-01 20:04:23', 1),
(51, 'DCT1249', 1000000006, 1, 5, '2024-12-01 20:04:23', '2024-12-02 04:09:39', 1),
(52, 'DKT1211', 1000000010, 2, 5, '2024-12-01 21:11:27', '2024-12-01 21:11:27', 1),
(53, 'DKT1212', 1000000010, 2, 5, '2024-12-01 21:11:27', '2024-12-01 21:11:27', 1),
(54, 'DKT1213', 1000000010, 2, 5, '2024-12-01 21:11:27', '2024-12-01 21:11:27', 1),
(55, 'DKT1214', 1000000010, 2, 5, '2024-12-01 21:11:27', '2024-12-01 21:11:27', 1),
(56, 'DKT1215', 1000000010, 2, 5, '2024-12-01 21:11:27', '2024-12-01 21:11:27', 1),
(57, 'DKT1216', 1000000011, 2, 5, '2024-12-01 21:11:27', '2024-12-01 21:11:27', 1),
(58, 'DKT1217', 1000000011, 2, 5, '2024-12-01 21:11:27', '2024-12-01 21:11:27', 1),
(59, 'DKT1218', 1000000011, 2, 5, '2024-12-01 21:11:27', '2024-12-01 21:11:27', 1),
(60, 'DKT1219', 1000000011, 2, 5, '2024-12-01 21:11:27', '2024-12-01 21:11:27', 1),
(61, 'DKT1221', 1000000011, 2, 5, '2024-12-01 21:11:27', '2024-12-01 21:11:27', 1),
(62, 'DKT1222', 1000000012, 2, 5, '2024-12-01 21:11:27', '2024-12-01 21:11:27', 1),
(63, 'DKT1223', 1000000012, 2, 5, '2024-12-01 21:11:27', '2024-12-01 21:11:27', 1),
(64, 'DKT1224', 1000000012, 2, 5, '2024-12-01 21:11:27', '2024-12-01 21:11:27', 1),
(65, 'DKT1225', 1000000012, 2, 5, '2024-12-01 21:11:27', '2024-12-01 21:11:27', 1),
(66, 'DKT1226', 1000000012, 2, 5, '2024-12-01 21:11:27', '2024-12-01 21:11:27', 1),
(67, 'DKT1227', 1000000013, 2, 5, '2024-12-01 21:11:27', '2024-12-01 21:11:27', 1),
(68, 'DKT1228', 1000000013, 2, 5, '2024-12-01 21:11:27', '2024-12-01 21:11:27', 1),
(69, 'DKT1229', 1000000013, 2, 5, '2024-12-01 21:11:27', '2024-12-01 21:11:27', 1),
(70, 'DKT1231', 1000000013, 2, 5, '2024-12-01 21:11:27', '2024-12-01 21:11:27', 1),
(71, 'DKT1232', 1000000013, 2, 5, '2024-12-01 21:11:27', '2024-12-01 21:11:27', 1),
(72, 'DKT1233', 1000000013, 2, 5, '2024-12-01 21:11:27', '2024-12-01 21:11:27', 1),
(73, 'DKT1234', 1000000014, 2, 5, '2024-12-01 21:11:27', '2024-12-01 21:11:27', 1),
(74, 'DKT1235', 1000000014, 2, 5, '2024-12-01 21:11:27', '2024-12-01 21:11:27', 1),
(75, 'DKT1236', 1000000014, 2, 5, '2024-12-01 21:11:27', '2024-12-01 21:11:27', 1),
(76, 'DKT1237', 1000000014, 2, 5, '2024-12-01 21:11:27', '2024-12-01 21:11:27', 1),
(77, 'DKT1238', 1000000014, 2, 5, '2024-12-01 21:11:27', '2024-12-01 21:11:27', 1),
(78, 'DKT1239', 1000000015, 2, 5, '2024-12-01 21:11:27', '2024-12-01 21:11:27', 1),
(79, 'DKT1241', 1000000015, 2, 5, '2024-12-01 21:11:27', '2024-12-01 21:11:27', 1),
(80, 'DKT1242', 1000000015, 2, 5, '2024-12-01 21:11:27', '2024-12-01 21:11:27', 1),
(81, 'DKT1243', 1000000015, 2, 5, '2024-12-01 21:11:27', '2024-12-01 21:11:27', 1),
(82, 'DKT1244', 1000000015, 2, 5, '2024-12-01 21:11:27', '2024-12-01 21:11:27', 1),
(83, 'DKT1245', 1000000016, 2, 5, '2024-12-01 21:11:27', '2024-12-01 21:11:27', 1),
(84, 'DKT1246', 1000000017, 2, 5, '2024-12-01 21:11:27', '2024-12-01 21:11:27', 1),
(85, 'DKT1247', 1000000018, 2, 5, '2024-12-01 21:11:27', '2024-12-01 21:11:27', 1),
(86, 'DKT1248', 1000000019, 2, 5, '2024-12-01 21:11:27', '2024-12-01 21:11:27', 1),
(87, 'DKT1249', 1000000019, 2, 5, '2024-12-01 21:11:27', '2024-12-01 21:11:27', 1),
(88, 'DSP1211', 1000000160, 17, 5, '2024-12-01 21:22:03', '2024-12-01 21:22:03', 1),
(89, 'DSP1212', 1000000161, 17, 5, '2024-12-01 21:22:03', '2024-12-01 21:22:03', 1),
(90, 'DSP1213', 1000000162, 17, 5, '2024-12-01 21:22:03', '2024-12-01 21:22:03', 1),
(91, 'DSP1214', 1000000163, 17, 5, '2024-12-01 21:22:03', '2024-12-01 21:22:03', 1),
(92, 'DSP1215', 1000000164, 17, 5, '2024-12-01 21:22:03', '2024-12-01 21:22:03', 1),
(93, 'DSP1216', 1000000165, 17, 5, '2024-12-01 21:22:03', '2024-12-01 21:22:03', 1),
(94, 'DSP1217', 1000000166, 17, 5, '2024-12-01 21:22:03', '2024-12-01 21:22:03', 1),
(95, 'DSP1218', 1000000167, 17, 5, '2024-12-01 21:22:03', '2024-12-01 21:22:03', 1),
(96, 'DSP1219', 1000000168, 17, 5, '2024-12-01 21:22:03', '2024-12-01 21:22:03', 1),
(97, 'DSP1221', 1000000169, 17, 5, '2024-12-01 21:22:03', '2024-12-01 21:22:03', 1),
(98, 'DSP1222', 1000000160, 17, 5, '2024-12-01 21:22:03', '2024-12-01 21:22:03', 1),
(99, 'DSP1223', 1000000161, 17, 5, '2024-12-01 21:22:03', '2024-12-01 21:22:03', 1),
(100, 'DSP1224', 1000000162, 17, 5, '2024-12-01 21:22:03', '2024-12-01 21:22:03', 1),
(101, 'DSP1225', 1000000163, 17, 5, '2024-12-01 21:22:03', '2024-12-01 21:22:03', 1),
(102, 'DSP1226', 1000000164, 17, 5, '2024-12-01 21:22:03', '2024-12-01 21:22:03', 1),
(103, 'DSP1227', 1000000165, 17, 5, '2024-12-01 21:22:03', '2024-12-01 21:22:03', 1),
(104, 'DSP1228', 1000000166, 17, 5, '2024-12-01 21:22:03', '2024-12-01 21:22:03', 1),
(105, 'DSP1229', 1000000167, 17, 5, '2024-12-01 21:22:03', '2024-12-01 21:22:03', 1),
(106, 'DSP1231', 1000000168, 17, 5, '2024-12-01 21:22:03', '2024-12-01 21:22:03', 1),
(107, 'DSP1232', 1000000169, 17, 5, '2024-12-01 21:22:03', '2024-12-01 21:22:03', 1),
(108, 'DSP1233', 1000000160, 17, 5, '2024-12-01 21:22:03', '2024-12-01 21:22:03', 1),
(109, 'DSP1234', 1000000161, 17, 5, '2024-12-01 21:22:03', '2024-12-01 21:22:03', 1),
(110, 'DSP1235', 1000000162, 17, 5, '2024-12-01 21:22:03', '2024-12-01 21:22:03', 1),
(111, 'DSP1236', 1000000163, 17, 5, '2024-12-01 21:22:03', '2024-12-01 21:22:03', 1),
(112, 'DSP1237', 1000000164, 17, 5, '2024-12-01 21:22:03', '2024-12-01 21:22:03', 1),
(113, 'DSP1238', 1000000165, 17, 5, '2024-12-01 21:22:03', '2024-12-01 21:22:03', 1),
(114, 'DSP1239', 1000000166, 17, 5, '2024-12-01 21:22:03', '2024-12-01 21:22:03', 1),
(115, 'DSP1241', 1000000167, 17, 5, '2024-12-01 21:22:03', '2024-12-01 21:22:03', 1),
(116, 'DSP1242', 1000000168, 17, 5, '2024-12-01 21:22:03', '2024-12-01 21:22:03', 1),
(117, 'DSP1243', 1000000169, 17, 5, '2024-12-01 21:22:03', '2024-12-01 21:22:03', 1),
(118, 'DSP1244', 1000000167, 17, 5, '2024-12-01 21:22:03', '2024-12-01 21:22:03', 1),
(119, 'DSP1245', 1000000168, 17, 5, '2024-12-01 21:22:03', '2024-12-01 21:22:03', 1),
(120, 'DSP1246', 1000000169, 17, 5, '2024-12-01 21:22:03', '2024-12-01 21:22:03', 1),
(121, 'DSP1247', 1000000167, 17, 5, '2024-12-01 21:22:03', '2024-12-01 21:22:03', 1),
(122, 'DSP1248', 1000000168, 17, 5, '2024-12-01 21:22:03', '2024-12-01 21:22:03', 1),
(123, 'DSP1249', 1000000169, 17, 5, '2024-12-01 21:22:03', '2024-12-01 21:22:03', 1),
(124, 'DNN1211', 1000000030, 4, 5, '2024-12-01 21:24:55', '2024-12-01 21:24:55', 1),
(125, 'DNN1212', 1000000030, 4, 5, '2024-12-01 21:24:55', '2024-12-01 21:24:55', 1),
(126, 'DNN1213', 1000000030, 4, 5, '2024-12-01 21:24:55', '2024-12-01 21:24:55', 1),
(127, 'DNN1214', 1000000030, 4, 5, '2024-12-01 21:24:55', '2024-12-01 21:24:55', 1),
(128, 'DNN1215', 1000000030, 4, 5, '2024-12-01 21:24:55', '2024-12-01 21:24:55', 1),
(129, 'DNN1216', 1000000031, 4, 5, '2024-12-01 21:24:55', '2024-12-01 21:24:55', 1),
(130, 'DNN1217', 1000000031, 4, 5, '2024-12-01 21:24:55', '2024-12-01 21:24:55', 1),
(131, 'DNN1218', 1000000031, 4, 5, '2024-12-01 21:24:55', '2024-12-01 21:24:55', 1),
(132, 'DNN1219', 1000000031, 4, 5, '2024-12-01 21:24:55', '2024-12-01 21:24:55', 1),
(133, 'DNN1221', 1000000031, 4, 5, '2024-12-01 21:24:55', '2024-12-01 21:24:55', 1),
(134, 'DNN1222', 1000000032, 4, 5, '2024-12-01 21:24:55', '2024-12-01 21:24:55', 1),
(135, 'DNN1223', 1000000032, 4, 5, '2024-12-01 21:24:55', '2024-12-01 21:24:55', 1),
(136, 'DNN1224', 1000000032, 4, 5, '2024-12-01 21:24:55', '2024-12-01 21:24:55', 1),
(137, 'DNN1225', 1000000032, 4, 5, '2024-12-01 21:24:55', '2024-12-01 21:24:55', 1),
(138, 'DNN1226', 1000000032, 4, 5, '2024-12-01 21:24:55', '2024-12-01 21:24:55', 1),
(139, 'DNN1227', 1000000033, 4, 5, '2024-12-01 21:24:55', '2024-12-01 21:24:55', 1),
(140, 'DNN1228', 1000000033, 4, 5, '2024-12-01 21:24:55', '2024-12-01 21:24:55', 1),
(141, 'DNN1229', 1000000033, 4, 5, '2024-12-01 21:24:55', '2024-12-01 21:24:55', 1),
(142, 'DNN1231', 1000000033, 4, 5, '2024-12-01 21:24:55', '2024-12-01 21:24:55', 1),
(143, 'DNN1232', 1000000033, 4, 5, '2024-12-01 21:24:55', '2024-12-01 21:24:55', 1),
(144, 'DNN1233', 1000000033, 4, 5, '2024-12-01 21:24:55', '2024-12-01 21:24:55', 1),
(145, 'DNN1234', 1000000034, 4, 5, '2024-12-01 21:24:55', '2024-12-01 21:24:55', 1),
(146, 'DNN1235', 1000000034, 4, 5, '2024-12-01 21:24:55', '2024-12-01 21:24:55', 1),
(147, 'DNN1236', 1000000034, 4, 5, '2024-12-01 21:24:55', '2024-12-01 21:24:55', 1),
(148, 'DNN1237', 1000000034, 4, 5, '2024-12-01 21:24:55', '2024-12-01 21:24:55', 1),
(149, 'DNN1238', 1000000034, 4, 5, '2024-12-01 21:24:55', '2024-12-01 21:24:55', 1),
(150, 'DNN1239', 1000000035, 4, 5, '2024-12-01 21:24:55', '2024-12-01 21:24:55', 1),
(151, 'DNN1241', 1000000035, 4, 5, '2024-12-01 21:24:55', '2024-12-01 21:24:55', 1),
(152, 'DNN1242', 1000000035, 4, 5, '2024-12-01 21:24:55', '2024-12-01 21:24:55', 1),
(153, 'DNN1243', 1000000035, 4, 5, '2024-12-01 21:24:55', '2024-12-01 21:24:55', 1),
(154, 'DNN1244', 1000000035, 4, 5, '2024-12-01 21:24:55', '2024-12-01 21:24:55', 1),
(155, 'DNN1245', 1000000036, 4, 5, '2024-12-01 21:24:55', '2024-12-01 21:24:55', 1),
(156, 'DNN1246', 1000000037, 4, 5, '2024-12-01 21:24:55', '2024-12-01 21:24:55', 1),
(157, 'DNN1247', 1000000038, 4, 5, '2024-12-01 21:24:55', '2024-12-01 21:24:55', 1),
(158, 'DNN1248', 1000000039, 4, 5, '2024-12-01 21:24:55', '2024-12-01 21:24:55', 1),
(159, 'DNN1249', 1000000039, 4, 5, '2024-12-01 21:24:55', '2024-12-01 21:24:55', 1);

-- --------------------------------------------------------

--
-- Cấu trúc bảng cho bảng `password_reset`
--

CREATE TABLE `password_reset` (
  `id` int(11) NOT NULL,
  `email` varchar(255) NOT NULL,
  `token` varchar(255) NOT NULL,
  `created_at` timestamp NULL DEFAULT NULL,
  `expired_at` datetime NOT NULL,
  `isUsed` int(11) NOT NULL DEFAULT 0
) ENGINE=InnoDB DEFAULT CHARSET=utf8mb4 COLLATE=utf8mb4_unicode_ci;

--
-- Đang đổ dữ liệu cho bảng `password_reset`
--

INSERT INTO `password_reset` (`id`, `email`, `token`, `created_at`, `expired_at`, `isUsed`) VALUES
(1, 'huhuhuhuvbd@gmail.com', '924244', '2024-11-14 00:16:15', '2024-11-14 07:17:15', 0),
(2, 'huhuhuhuvbd@gmail.com', '916204', '2024-11-14 00:17:07', '2024-11-14 07:18:07', 0),
(3, 'huhuhuhuvbd@gmail.com', '977500', '2024-11-14 00:19:20', '2024-11-14 07:20:20', 0),
(4, 'huhuhuhuvbd@gmail.com', '611355', '2024-11-14 00:22:00', '2024-11-14 07:23:00', 1);

-- --------------------------------------------------------

--
-- Cấu trúc bảng cho bảng `sinhvien`
--

CREATE TABLE `sinhvien` (
  `id` bigint(20) UNSIGNED NOT NULL,
  `name` varchar(255) NOT NULL,
  `ngaysinh` date NOT NULL,
  `email` varchar(255) NOT NULL,
  `gioitinh` tinyint(4) NOT NULL,
  `lop_id` bigint(20) UNSIGNED NOT NULL,
  `chucvu` tinyint(4) NOT NULL DEFAULT 0,
  `created_at` timestamp NULL DEFAULT NULL,
  `updated_at` timestamp NULL DEFAULT NULL,
  `status` int(11) NOT NULL
) ENGINE=InnoDB DEFAULT CHARSET=utf8mb4 COLLATE=utf8mb4_unicode_ci;

--
-- Đang đổ dữ liệu cho bảng `sinhvien`
--

INSERT INTO `sinhvien` (`id`, `name`, `ngaysinh`, `email`, `gioitinh`, `lop_id`, `chucvu`, `created_at`, `updated_at`, `status`) VALUES
(3121410000, 'Trần Thị Liên', '2024-12-10', 'huhuhuhuvbd@gmail.com', 1, 16, 0, '2024-12-02 04:39:17', '2024-12-02 04:39:17', 1),
(3121410001, 'Trần Thị B', '2024-12-10', 'tranthib@gmail.com', 0, 16, 0, '2024-12-02 04:39:17', '2024-12-02 04:39:17', 1),
(3121410002, 'Lê Văn C', '2024-12-10', 'levanc@gmail.com', 1, 16, 0, '2024-12-02 04:39:18', '2024-12-02 04:39:18', 1),
(3121410003, 'Phạm Thị D', '2024-12-10', 'phamthid@gmail.com', 0, 17, 0, '2024-12-02 04:39:18', '2024-12-02 04:39:18', 1),
(3121410004, 'Hoàng Văn E', '2024-12-10', 'hoangvane@gmail.com', 1, 17, 0, '2024-12-02 04:39:19', '2024-12-02 04:39:19', 1),
(3121410005, 'Vũ Thị F', '2024-12-10', 'vuthif@gmail.com', 0, 17, 0, '2024-12-02 04:39:19', '2024-12-02 04:39:19', 1),
(3121410006, 'Nguyễn Văn A', '2024-12-10', 'nguyenvana@gmail.com', 1, 18, 0, '2024-12-02 04:39:20', '2024-12-02 04:39:20', 1),
(3121410007, 'Sinh viên 1', '2024-12-10', 'test@gmail.com', 1, 18, 0, '2024-12-02 04:39:20', '2024-12-02 04:39:20', 1),
(3121410008, 'Nguyễn Văn A', '2024-12-10', 'tranthib1@gmail.com', 1, 18, 0, '2024-12-02 04:39:21', '2024-12-02 04:39:21', 1),
(3121410009, 'Trần Thị Liên', '2024-12-10', 'huhuhuhuvbd@gmail.com', 1, 19, 0, '2024-12-02 04:39:21', '2024-12-02 04:39:21', 1),
(3121410010, 'Trần Thị B', '2024-12-10', 'tranthib@gmail.com', 0, 19, 0, '2024-12-02 04:39:22', '2024-12-02 04:39:22', 1),
(3121410011, 'Lê Văn C', '2024-12-10', 'levanc@gmail.com', 1, 19, 0, '2024-12-02 04:39:22', '2024-12-02 04:39:22', 1),
(3121410012, 'Phạm Thị D', '2024-12-10', 'phamthid@gmail.com', 0, 20, 0, '2024-12-02 04:39:23', '2024-12-02 04:39:23', 1),
(3121410013, 'Hoàng Văn E', '2024-12-10', 'hoangvane@gmail.com', 1, 20, 0, '2024-12-02 04:39:23', '2024-12-02 04:39:23', 1),
(3121410014, 'Vũ Thị F', '2024-12-10', 'vuthif@gmail.com', 0, 20, 0, '2024-12-02 04:39:24', '2024-12-02 04:39:24', 1),
(3121410015, 'Nguyễn Văn A', '2024-12-10', 'nguyenvana@gmail.com', 1, 25, 0, '2024-12-02 04:39:24', '2024-12-02 04:39:24', 1),
(3121410016, 'Sinh viên 1', '2024-12-10', 'test@gmail.com', 1, 25, 0, '2024-12-02 04:39:25', '2024-12-02 04:39:25', 1),
(3121410017, 'Nguyễn Văn A', '2024-12-10', 'tranthib1@gmail.com', 1, 25, 0, '2024-12-02 04:39:25', '2024-12-02 04:39:25', 1),
(3121410018, 'Trần Thị Liên', '2024-12-10', 'huhuhuhuvbd@gmail.com', 1, 26, 0, '2024-12-02 04:39:26', '2024-12-02 04:39:26', 1),
(3121410019, 'Trần Thị B', '2024-12-10', 'tranthib@gmail.com', 0, 26, 0, '2024-12-02 04:39:26', '2024-12-02 04:39:26', 1),
(3121410020, 'Lê Văn C', '2024-12-10', 'levanc@gmail.com', 1, 26, 0, '2024-12-02 04:39:27', '2024-12-02 04:39:27', 1),
(3121410021, 'Phạm Thị D', '2024-12-10', 'phamthid@gmail.com', 0, 27, 0, '2024-12-02 04:39:27', '2024-12-02 04:39:27', 1),
(3121410022, 'Hoàng Văn E', '2024-12-10', 'hoangvane@gmail.com', 1, 27, 0, '2024-12-02 04:39:28', '2024-12-02 04:39:28', 1),
(3121410023, 'Vũ Thị F', '2024-12-10', 'vuthif@gmail.com', 0, 27, 0, '2024-12-02 04:39:28', '2024-12-02 04:39:28', 1),
(3121410024, 'Nguyễn Văn A', '2024-12-10', 'nguyenvana@gmail.com', 1, 37, 0, '2024-12-02 04:39:29', '2024-12-02 04:39:29', 1),
(3121410025, 'Sinh viên 1', '2024-12-10', 'test@gmail.com', 1, 36, 0, '2024-12-02 04:39:29', '2024-12-02 04:39:29', 1),
(3121410026, 'Nguyễn Văn A', '2024-12-10', 'tranthib1@gmail.com', 1, 36, 0, '2024-12-02 04:39:30', '2024-12-02 04:39:30', 1),
(3121410027, 'Trần Thị Liên', '2024-12-10', 'huhuhuhuvbd@gmail.com', 1, 52, 0, '2024-12-02 04:39:30', '2024-12-02 04:39:30', 1),
(3121410028, 'Trần Thị B', '2024-12-10', 'tranthib@gmail.com', 0, 53, 0, '2024-12-02 04:39:31', '2024-12-02 04:39:31', 1),
(3121410029, 'Lê Văn C', '2024-12-10', 'levanc@gmail.com', 1, 54, 0, '2024-12-02 04:39:31', '2024-12-02 04:39:31', 1),
(3121410030, 'Phạm Thị D', '2024-12-10', 'phamthid@gmail.com', 0, 55, 0, '2024-12-02 04:39:32', '2024-12-02 04:39:32', 1),
(3121410031, 'Hoàng Văn E', '2024-12-10', 'hoangvane@gmail.com', 1, 56, 0, '2024-12-02 04:39:32', '2024-12-02 04:39:32', 1),
(3121410032, 'Vũ Thị F', '2024-12-10', 'vuthif@gmail.com', 0, 57, 0, '2024-12-02 04:39:33', '2024-12-02 04:39:33', 1),
(3121410033, 'Nguyễn Văn A', '2024-12-10', 'nguyenvana@gmail.com', 1, 58, 0, '2024-12-02 04:39:34', '2024-12-02 04:39:34', 1),
(3121410034, 'Sinh viên 1', '2024-12-10', 'test@gmail.com', 1, 59, 0, '2024-12-02 04:39:34', '2024-12-02 04:39:34', 1),
(3121410035, 'Nguyễn Văn A', '2024-12-10', 'tranthib1@gmail.com', 1, 60, 0, '2024-12-02 04:39:35', '2024-12-02 04:39:35', 1),
(3121410036, 'Trần Thị Liên', '2024-12-10', 'huhuhuhuvbd@gmail.com', 1, 61, 0, '2024-12-02 04:39:35', '2024-12-02 04:39:35', 1),
(3121410037, 'Trần Thị B', '2024-12-10', 'tranthib@gmail.com', 0, 61, 0, '2024-12-02 04:39:36', '2024-12-02 04:39:36', 1),
(3121410038, 'Lê Văn C', '2024-12-10', 'levanc@gmail.com', 1, 62, 0, '2024-12-02 04:39:36', '2024-12-02 04:39:36', 1),
(3121410039, 'Phạm Thị D', '2024-12-10', 'phamthid@gmail.com', 0, 63, 0, '2024-12-02 04:39:37', '2024-12-02 04:39:37', 1),
(3121410040, 'Hoàng Văn E', '2024-12-10', 'hoangvane@gmail.com', 1, 64, 0, '2024-12-02 04:39:37', '2024-12-02 04:39:37', 1),
(3121410041, 'Vũ Thị F', '2024-12-10', 'vuthif@gmail.com', 0, 65, 0, '2024-12-02 04:39:38', '2024-12-02 04:39:38', 1),
(3121410042, 'Nguyễn Văn A', '2024-12-10', 'nguyenvana@gmail.com', 1, 66, 0, '2024-12-02 04:39:38', '2024-12-02 04:39:38', 1),
(3121410043, 'Sinh viên 1', '2024-12-10', 'test@gmail.com', 1, 67, 0, '2024-12-02 04:39:39', '2024-12-02 04:39:39', 1),
(3121410044, 'Nguyễn Văn A', '2024-12-10', 'tranthib1@gmail.com', 1, 68, 0, '2024-12-02 04:39:40', '2024-12-02 04:39:40', 1),
(3121410045, 'Trần Thị Liên', '2024-12-10', 'huhuhuhuvbd@gmail.com', 1, 69, 0, '2024-12-02 04:39:40', '2024-12-02 04:39:40', 1),
(3121410046, 'Trần Thị B', '2024-12-10', 'tranthib@gmail.com', 0, 70, 0, '2024-12-02 04:39:41', '2024-12-02 04:39:41', 1),
(3121410047, 'Lê Văn C', '2024-12-10', 'levanc@gmail.com', 1, 70, 0, '2024-12-02 04:39:41', '2024-12-02 04:39:41', 1),
(3121410048, 'Phạm Thị D', '2024-12-10', 'phamthid@gmail.com', 0, 71, 0, '2024-12-02 04:39:42', '2024-12-02 04:39:42', 1),
(3121410049, 'Hoàng Văn E', '2024-12-10', 'hoangvane@gmail.com', 1, 72, 0, '2024-12-02 04:39:42', '2024-12-02 04:39:42', 1),
(3121410050, 'Vũ Thị F', '2024-12-10', 'vuthif@gmail.com', 0, 73, 0, '2024-12-02 04:39:43', '2024-12-02 04:39:43', 1),
(3121410051, 'Nguyễn Văn A', '2024-12-10', 'nguyenvana@gmail.com', 1, 74, 0, '2024-12-02 04:39:43', '2024-12-02 04:39:43', 1),
(3121410052, 'Sinh viên 1', '2024-12-10', 'test@gmail.com', 1, 75, 0, '2024-12-02 04:39:44', '2024-12-02 04:39:44', 1),
(3121410053, 'Nguyễn Văn A', '2024-12-10', 'tranthib1@gmail.com', 1, 76, 0, '2024-12-02 04:39:44', '2024-12-02 04:39:44', 1),
(3121410054, 'Trần Thị Liên', '2024-12-10', 'huhuhuhuvbd@gmail.com', 1, 124, 0, '2024-12-02 04:39:45', '2024-12-02 04:39:45', 1),
(3121410055, 'Trần Thị B', '2024-12-10', 'tranthib@gmail.com', 0, 125, 0, '2024-12-02 04:39:45', '2024-12-02 04:39:45', 1),
(3121410056, 'Lê Văn C', '2024-12-10', 'levanc@gmail.com', 1, 126, 0, '2024-12-02 04:39:46', '2024-12-02 04:39:46', 1),
(3121410057, 'Phạm Thị D', '2024-12-10', 'phamthid@gmail.com', 0, 127, 0, '2024-12-02 04:39:46', '2024-12-02 04:39:46', 1),
(3121410058, 'Hoàng Văn E', '2024-12-10', 'hoangvane@gmail.com', 1, 128, 0, '2024-12-02 04:39:47', '2024-12-02 04:39:47', 1),
(3121410059, 'Vũ Thị F', '2024-12-10', 'vuthif@gmail.com', 0, 129, 0, '2024-12-02 04:39:48', '2024-12-02 04:39:48', 1),
(3121410060, 'Nguyễn Văn A', '2024-12-10', 'nguyenvana@gmail.com', 1, 130, 0, '2024-12-02 04:39:48', '2024-12-02 04:39:48', 1),
(3121410061, 'Sinh viên 1', '2024-12-10', 'test@gmail.com', 1, 131, 0, '2024-12-02 04:39:49', '2024-12-02 04:39:49', 1),
(3121410062, 'Nguyễn Văn A', '2024-12-10', 'tranthib1@gmail.com', 1, 132, 0, '2024-12-02 04:39:49', '2024-12-02 04:39:49', 1),
(3121410063, 'Trần Thị Liên', '2024-12-10', 'huhuhuhuvbd@gmail.com', 1, 133, 0, '2024-12-02 04:39:50', '2024-12-02 04:39:50', 1),
(3121410064, 'Trần Thị B', '2024-12-10', 'tranthib@gmail.com', 0, 133, 0, '2024-12-02 04:39:50', '2024-12-02 04:39:50', 1),
(3121410065, 'Lê Văn C', '2024-12-10', 'levanc@gmail.com', 1, 134, 0, '2024-12-02 04:39:51', '2024-12-02 04:39:51', 1),
(3121410066, 'Phạm Thị D', '2024-12-10', 'phamthid@gmail.com', 0, 135, 0, '2024-12-02 04:39:52', '2024-12-02 04:39:52', 1),
(3121410067, 'Hoàng Văn E', '2024-12-10', 'hoangvane@gmail.com', 1, 136, 0, '2024-12-02 04:39:52', '2024-12-02 04:39:52', 1),
(3121410068, 'Vũ Thị F', '2024-12-10', 'vuthif@gmail.com', 0, 137, 0, '2024-12-02 04:39:53', '2024-12-02 04:39:53', 1),
(3121410069, 'Nguyễn Văn A', '2024-12-10', 'nguyenvana@gmail.com', 1, 138, 0, '2024-12-02 04:39:53', '2024-12-02 04:39:53', 1),
(3121410070, 'Sinh viên 1', '2024-12-10', 'test@gmail.com', 1, 139, 0, '2024-12-02 04:39:54', '2024-12-02 04:39:54', 1),
(3121410071, 'Nguyễn Văn A', '2024-12-10', 'tranthib1@gmail.com', 1, 140, 0, '2024-12-02 04:39:55', '2024-12-02 04:39:55', 1),
(3121410072, 'Trần Thị Liên', '2024-12-10', 'huhuhuhuvbd@gmail.com', 1, 141, 0, '2024-12-02 04:39:55', '2024-12-02 04:39:55', 1),
(3121410073, 'Trần Thị B', '2024-12-10', 'tranthib@gmail.com', 0, 142, 0, '2024-12-02 04:39:56', '2024-12-02 04:39:56', 1),
(3121410074, 'Lê Văn C', '2024-12-10', 'levanc@gmail.com', 1, 142, 0, '2024-12-02 04:39:56', '2024-12-02 04:39:56', 1),
(3121410075, 'Phạm Thị D', '2024-12-10', 'phamthid@gmail.com', 0, 143, 0, '2024-12-02 04:39:57', '2024-12-02 04:39:57', 1),
(3121410076, 'Hoàng Văn E', '2024-12-10', 'hoangvane@gmail.com', 1, 144, 0, '2024-12-02 04:39:57', '2024-12-02 04:39:57', 1),
(3121410077, 'Vũ Thị F', '2024-12-10', 'vuthif@gmail.com', 0, 145, 0, '2024-12-02 04:39:58', '2024-12-02 04:39:58', 1),
(3121410078, 'Nguyễn Văn A', '2024-12-10', 'nguyenvana@gmail.com', 1, 146, 0, '2024-12-02 04:39:59', '2024-12-02 04:39:59', 1),
(3121410079, 'Sinh viên 1', '2024-12-10', 'test@gmail.com', 1, 147, 0, '2024-12-02 04:39:59', '2024-12-02 04:39:59', 1),
(3121410080, 'Nguyễn Văn A', '2024-12-10', 'tranthib1@gmail.com', 1, 148, 0, '2024-12-02 04:40:00', '2024-12-02 04:40:00', 1),
(3121410081, 'Trần Thị Liên', '2024-12-10', 'huhuhuhuvbd@gmail.com', 1, 149, 0, '2024-12-02 04:40:01', '2024-12-02 04:40:01', 1),
(3121410082, 'Trần Thị B', '2024-12-10', 'tranthib@gmail.com', 0, 150, 0, '2024-12-02 04:40:01', '2024-12-02 04:40:01', 1),
(3121410083, 'Lê Văn C', '2024-12-10', 'levanc@gmail.com', 1, 151, 0, '2024-12-02 04:40:02', '2024-12-02 04:40:02', 1),
(3121410084, 'Phạm Thị D', '2024-12-10', 'phamthid@gmail.com', 0, 151, 0, '2024-12-02 04:40:03', '2024-12-02 04:40:03', 1),
(3121410085, 'Hoàng Văn E', '2024-12-10', 'hoangvane@gmail.com', 1, 88, 0, '2024-12-02 04:40:04', '2024-12-02 04:40:04', 1),
(3121410086, 'Vũ Thị F', '2024-12-10', 'vuthif@gmail.com', 0, 89, 0, '2024-12-02 04:40:05', '2024-12-02 04:40:05', 1),
(3121410087, 'Nguyễn Văn A', '2024-12-10', 'nguyenvana@gmail.com', 1, 90, 0, '2024-12-02 04:40:05', '2024-12-02 04:40:05', 1),
(3121410088, 'Sinh viên 1', '2024-12-10', 'test@gmail.com', 1, 91, 0, '2024-12-02 04:40:06', '2024-12-02 04:40:06', 1),
(3121410089, 'Nguyễn Văn A', '2024-12-10', 'tranthib1@gmail.com', 1, 92, 0, '2024-12-02 04:40:07', '2024-12-02 04:40:07', 1),
(3121410090, 'Trần Thị Liên', '2024-12-10', 'huhuhuhuvbd@gmail.com', 1, 93, 0, '2024-12-02 04:40:08', '2024-12-02 04:40:08', 1),
(3121410091, 'Trần Thị B', '2024-12-10', 'tranthib@gmail.com', 0, 94, 0, '2024-12-02 04:40:08', '2024-12-02 04:40:08', 1),
(3121410092, 'Lê Văn C', '2024-12-10', 'levanc@gmail.com', 1, 95, 0, '2024-12-02 04:40:09', '2024-12-02 04:40:09', 1),
(3121410093, 'Phạm Thị D', '2024-12-10', 'phamthid@gmail.com', 0, 96, 0, '2024-12-02 04:40:10', '2024-12-02 04:40:10', 1),
(3121410094, 'Hoàng Văn E', '2024-12-10', 'hoangvane@gmail.com', 1, 97, 0, '2024-12-02 04:40:10', '2024-12-02 04:40:10', 1),
(3121410095, 'Vũ Thị F', '2024-12-10', 'vuthif@gmail.com', 0, 97, 0, '2024-12-02 04:40:11', '2024-12-02 04:40:11', 1),
(3121410096, 'Nguyễn Văn A', '2024-12-10', 'nguyenvana@gmail.com', 1, 98, 0, '2024-12-02 04:40:12', '2024-12-02 04:40:12', 1),
(3121410097, 'Sinh viên 1', '2024-12-10', 'test@gmail.com', 1, 99, 0, '2024-12-02 04:40:12', '2024-12-02 04:40:12', 1),
(3121410098, 'Nguyễn Văn A', '2024-12-10', 'tranthib1@gmail.com', 1, 100, 0, '2024-12-02 04:40:13', '2024-12-02 04:40:13', 1),
(3121410099, 'Trần Thị Liên', '2024-12-10', 'huhuhuhuvbd@gmail.com', 1, 101, 0, '2024-12-02 04:40:14', '2024-12-02 04:40:14', 1),
(3121410100, 'Trần Thị B', '2024-12-10', 'tranthib@gmail.com', 0, 102, 0, '2024-12-02 04:40:14', '2024-12-02 04:40:14', 1),
(3121410101, 'Lê Văn C', '2024-12-10', 'levanc@gmail.com', 1, 103, 0, '2024-12-02 04:40:15', '2024-12-02 04:40:15', 1),
(3121410102, 'Phạm Thị D', '2024-12-10', 'phamthid@gmail.com', 0, 104, 0, '2024-12-02 04:40:16', '2024-12-02 04:40:16', 1),
(3121410103, 'Hoàng Văn E', '2024-12-10', 'hoangvane@gmail.com', 1, 105, 0, '2024-12-02 04:40:17', '2024-12-02 04:40:17', 1),
(3121410104, 'Vũ Thị F', '2024-12-10', 'vuthif@gmail.com', 0, 106, 0, '2024-12-02 04:40:17', '2024-12-02 04:40:17', 1),
(3121410105, 'Nguyễn Văn A', '2024-12-10', 'nguyenvana@gmail.com', 1, 106, 0, '2024-12-02 04:40:18', '2024-12-02 04:40:18', 1),
(3121410106, 'Sinh viên 1', '2024-12-10', 'test@gmail.com', 1, 107, 0, '2024-12-02 04:40:19', '2024-12-02 04:40:19', 1),
(3121410107, 'Nguyễn Văn A', '2024-12-10', 'tranthib1@gmail.com', 1, 108, 0, '2024-12-02 04:40:19', '2024-12-02 04:40:19', 1),
(3121410108, 'Trần Thị Liên', '2024-12-10', 'huhuhuhuvbd@gmail.com', 1, 109, 0, '2024-12-02 04:40:20', '2024-12-02 04:40:20', 1),
(3121410109, 'Trần Thị B', '2024-12-10', 'tranthib@gmail.com', 0, 110, 0, '2024-12-02 04:40:20', '2024-12-02 04:40:20', 1),
(3121410110, 'Lê Văn C', '2024-12-10', 'levanc@gmail.com', 1, 111, 0, '2024-12-02 04:40:21', '2024-12-02 04:40:21', 1),
(3121410111, 'Phạm Thị D', '2024-12-10', 'phamthid@gmail.com', 0, 112, 0, '2024-12-02 04:40:21', '2024-12-02 04:40:21', 1),
(3121410112, 'Hoàng Văn E', '2024-12-10', 'hoangvane@gmail.com', 1, 113, 0, '2024-12-02 04:40:22', '2024-12-02 04:40:22', 1),
(3121410113, 'Vũ Thị F', '2024-12-10', 'vuthif@gmail.com', 0, 114, 0, '2024-12-02 04:40:23', '2024-12-02 04:40:23', 1),
(3121410114, 'Nguyễn Văn A', '2024-12-10', 'nguyenvana@gmail.com', 1, 115, 0, '2024-12-02 04:40:23', '2024-12-02 04:40:23', 1),
(3121410115, 'Sinh viên 1', '2024-12-10', 'test@gmail.com', 1, 115, 0, '2024-12-02 04:40:24', '2024-12-02 04:40:24', 1),
(3121410116, 'Nguyễn Văn A', '2024-12-10', 'tranthib1@gmail.com', 1, 116, 0, '2024-12-02 04:40:24', '2024-12-02 04:40:24', 1),
(3121410117, 'Trần Thị Liên', '2024-12-10', 'huhuhuhuvbd@gmail.com', 1, 16, 0, '2024-12-02 04:40:25', '2024-12-02 04:40:25', 1),
(3121410118, 'Trần Thị B', '2024-12-10', 'tranthib@gmail.com', 0, 16, 0, '2024-12-02 04:40:25', '2024-12-02 04:40:25', 1),
(3121410119, 'Lê Văn C', '2024-12-10', 'levanc@gmail.com', 1, 16, 0, '2024-12-02 04:40:26', '2024-12-02 04:40:26', 1),
(3121410120, 'Phạm Thị D', '2024-12-10', 'phamthid@gmail.com', 0, 17, 0, '2024-12-02 04:40:26', '2024-12-02 04:40:26', 1),
(3121410121, 'Hoàng Văn E', '2024-12-10', 'hoangvane@gmail.com', 1, 17, 0, '2024-12-02 04:40:27', '2024-12-02 04:40:27', 1),
(3121410122, 'Vũ Thị F', '2024-12-10', 'vuthif@gmail.com', 0, 17, 0, '2024-12-02 04:40:28', '2024-12-02 04:40:28', 1),
(3121410123, 'Nguyễn Văn A', '2024-12-10', 'nguyenvana@gmail.com', 1, 18, 0, '2024-12-02 04:40:28', '2024-12-02 04:40:28', 1),
(3121410124, 'Sinh viên 1', '2024-12-10', 'test@gmail.com', 1, 18, 0, '2024-12-02 04:40:29', '2024-12-02 04:40:29', 1),
(3121410125, 'Nguyễn Văn A', '2024-12-10', 'tranthib1@gmail.com', 1, 18, 0, '2024-12-02 04:40:29', '2024-12-02 04:40:29', 1),
(3121410126, 'Trần Thị Liên', '2024-12-10', 'huhuhuhuvbd@gmail.com', 1, 19, 0, '2024-12-02 04:40:30', '2024-12-02 04:40:30', 1),
(3121410127, 'Trần Thị B', '2024-12-10', 'tranthib@gmail.com', 0, 19, 0, '2024-12-02 04:40:30', '2024-12-02 04:40:30', 1),
(3121410128, 'Lê Văn C', '2024-12-10', 'levanc@gmail.com', 1, 19, 0, '2024-12-02 04:40:31', '2024-12-02 04:40:31', 1),
(3121410129, 'Phạm Thị D', '2024-12-10', 'phamthid@gmail.com', 0, 20, 0, '2024-12-02 04:40:31', '2024-12-02 04:40:31', 1),
(3121410130, 'Hoàng Văn E', '2024-12-10', 'hoangvane@gmail.com', 1, 20, 0, '2024-12-02 04:40:32', '2024-12-02 04:40:32', 1),
(3121410131, 'Vũ Thị F', '2024-12-10', 'vuthif@gmail.com', 0, 20, 0, '2024-12-02 04:40:33', '2024-12-02 04:40:33', 1),
(3121410132, 'Nguyễn Văn A', '2024-12-10', 'nguyenvana@gmail.com', 1, 25, 0, '2024-12-02 04:40:33', '2024-12-02 04:40:33', 1),
(3121410133, 'Sinh viên 1', '2024-12-10', 'test@gmail.com', 1, 25, 0, '2024-12-02 04:40:34', '2024-12-02 04:40:34', 1),
(3121410134, 'Nguyễn Văn A', '2024-12-10', 'tranthib1@gmail.com', 1, 25, 0, '2024-12-02 04:40:34', '2024-12-02 04:40:34', 1),
(3121410135, 'Trần Thị Liên', '2024-12-10', 'huhuhuhuvbd@gmail.com', 1, 26, 0, '2024-12-02 04:40:35', '2024-12-02 04:40:35', 1),
(3121410136, 'Trần Thị B', '2024-12-10', 'tranthib@gmail.com', 0, 26, 0, '2024-12-02 04:40:35', '2024-12-02 04:40:35', 1),
(3121410137, 'Lê Văn C', '2024-12-10', 'levanc@gmail.com', 1, 26, 0, '2024-12-02 04:40:36', '2024-12-02 04:40:36', 1),
(3121410138, 'Phạm Thị D', '2024-12-10', 'phamthid@gmail.com', 0, 27, 0, '2024-12-02 04:40:36', '2024-12-02 04:40:36', 1),
(3121410139, 'Hoàng Văn E', '2024-12-10', 'hoangvane@gmail.com', 1, 27, 0, '2024-12-02 04:40:37', '2024-12-02 04:40:37', 1),
(3121410140, 'Vũ Thị F', '2024-12-10', 'vuthif@gmail.com', 0, 27, 0, '2024-12-02 04:40:38', '2024-12-02 04:40:38', 1),
(3121410141, 'Nguyễn Văn A', '2024-12-10', 'nguyenvana@gmail.com', 1, 37, 0, '2024-12-02 04:40:39', '2024-12-02 04:40:39', 1),
(3121410142, 'Sinh viên 1', '2024-12-10', 'test@gmail.com', 1, 36, 0, '2024-12-02 04:40:39', '2024-12-02 04:40:39', 1),
(3121410143, 'Nguyễn Văn A', '2024-12-10', 'tranthib1@gmail.com', 1, 36, 0, '2024-12-02 04:40:40', '2024-12-02 04:40:40', 1),
(3121410144, 'Trần Thị Liên', '2024-12-10', 'huhuhuhuvbd@gmail.com', 1, 52, 0, '2024-12-02 04:40:41', '2024-12-02 04:40:41', 1),
(3121410145, 'Trần Thị B', '2024-12-10', 'tranthib@gmail.com', 0, 53, 0, '2024-12-02 04:40:41', '2024-12-02 04:40:41', 1),
(3121410146, 'Lê Văn C', '2024-12-10', 'levanc@gmail.com', 1, 54, 0, '2024-12-02 04:40:42', '2024-12-02 04:40:42', 1),
(3121410147, 'Phạm Thị D', '2024-12-10', 'phamthid@gmail.com', 0, 55, 0, '2024-12-02 04:40:42', '2024-12-02 04:40:42', 1),
(3121410148, 'Hoàng Văn E', '2024-12-10', 'hoangvane@gmail.com', 1, 56, 0, '2024-12-02 04:40:43', '2024-12-02 04:40:43', 1),
(3121410149, 'Vũ Thị F', '2024-12-10', 'vuthif@gmail.com', 0, 57, 0, '2024-12-02 04:40:43', '2024-12-02 04:40:43', 1),
(3121410150, 'Nguyễn Văn A', '2024-12-10', 'nguyenvana@gmail.com', 1, 58, 0, '2024-12-02 04:40:44', '2024-12-02 04:40:44', 1),
(3121410151, 'Sinh viên 1', '2024-12-10', 'test@gmail.com', 1, 59, 0, '2024-12-02 04:40:45', '2024-12-02 04:40:45', 1),
(3121410152, 'Nguyễn Văn A', '2024-12-10', 'tranthib1@gmail.com', 1, 60, 0, '2024-12-02 04:40:45', '2024-12-02 04:40:45', 1),
(3121410153, 'Trần Thị Liên', '2024-12-10', 'huhuhuhuvbd@gmail.com', 1, 61, 0, '2024-12-02 04:40:46', '2024-12-02 04:40:46', 1),
(3121410154, 'Trần Thị B', '2024-12-10', 'tranthib@gmail.com', 0, 61, 0, '2024-12-02 04:40:47', '2024-12-02 04:40:47', 1),
(3121410155, 'Lê Văn C', '2024-12-10', 'levanc@gmail.com', 1, 62, 0, '2024-12-02 04:40:47', '2024-12-02 04:40:47', 1),
(3121410156, 'Phạm Thị D', '2024-12-10', 'phamthid@gmail.com', 0, 63, 0, '2024-12-02 04:40:48', '2024-12-02 04:40:48', 1),
(3121410157, 'Hoàng Văn E', '2024-12-10', 'hoangvane@gmail.com', 1, 64, 0, '2024-12-02 04:40:49', '2024-12-02 04:40:49', 1),
(3121410158, 'Vũ Thị F', '2024-12-10', 'vuthif@gmail.com', 0, 65, 0, '2024-12-02 04:40:50', '2024-12-02 04:40:50', 1),
(3121410159, 'Nguyễn Văn A', '2024-12-10', 'nguyenvana@gmail.com', 1, 66, 0, '2024-12-02 04:40:50', '2024-12-02 04:40:50', 1),
(3121410160, 'Sinh viên 1', '2024-12-10', 'test@gmail.com', 1, 67, 0, '2024-12-02 04:40:51', '2024-12-02 04:40:51', 1),
(3121410161, 'Nguyễn Văn A', '2024-12-10', 'tranthib1@gmail.com', 1, 68, 0, '2024-12-02 04:40:52', '2024-12-02 04:40:52', 1),
(3121410162, 'Trần Thị Liên', '2024-12-10', 'huhuhuhuvbd@gmail.com', 1, 69, 0, '2024-12-02 04:40:52', '2024-12-02 04:40:52', 1),
(3121410163, 'Trần Thị B', '2024-12-10', 'tranthib@gmail.com', 0, 70, 0, '2024-12-02 04:40:53', '2024-12-02 04:40:53', 1),
(3121410164, 'Lê Văn C', '2024-12-10', 'levanc@gmail.com', 1, 70, 0, '2024-12-02 04:40:53', '2024-12-02 04:40:53', 1),
(3121410165, 'Phạm Thị D', '2024-12-10', 'phamthid@gmail.com', 0, 71, 0, '2024-12-02 04:40:54', '2024-12-02 04:40:54', 1),
(3121410166, 'Hoàng Văn E', '2024-12-10', 'hoangvane@gmail.com', 1, 72, 0, '2024-12-02 04:40:54', '2024-12-02 04:40:54', 1),
(3121410167, 'Vũ Thị F', '2024-12-10', 'vuthif@gmail.com', 0, 73, 0, '2024-12-02 04:40:55', '2024-12-02 04:40:55', 1),
(3121410168, 'Nguyễn Văn A', '2024-12-10', 'nguyenvana@gmail.com', 1, 74, 0, '2024-12-02 04:40:55', '2024-12-02 04:40:55', 1),
(3121410169, 'Sinh viên 1', '2024-12-10', 'test@gmail.com', 1, 75, 0, '2024-12-02 04:40:56', '2024-12-02 04:40:56', 1),
(3121410170, 'Nguyễn Văn A', '2024-12-10', 'tranthib1@gmail.com', 1, 76, 0, '2024-12-02 04:40:57', '2024-12-02 04:40:57', 1),
(3121410171, 'Trần Thị Liên', '2024-12-10', 'huhuhuhuvbd@gmail.com', 1, 124, 0, '2024-12-02 04:40:57', '2024-12-02 04:40:57', 1),
(3121410172, 'Trần Thị B', '2024-12-10', 'tranthib@gmail.com', 0, 125, 0, '2024-12-02 04:40:58', '2024-12-02 04:40:58', 1),
(3121410173, 'Lê Văn C', '2024-12-10', 'levanc@gmail.com', 1, 126, 0, '2024-12-02 04:40:58', '2024-12-02 04:40:58', 1),
(3121410174, 'Phạm Thị D', '2024-12-10', 'phamthid@gmail.com', 0, 127, 0, '2024-12-02 04:40:59', '2024-12-02 04:40:59', 1),
(3121410175, 'Hoàng Văn E', '2024-12-10', 'hoangvane@gmail.com', 1, 128, 0, '2024-12-02 04:40:59', '2024-12-02 04:40:59', 1),
(3121410176, 'Vũ Thị F', '2024-12-10', 'vuthif@gmail.com', 0, 129, 0, '2024-12-02 04:41:00', '2024-12-02 04:41:00', 1),
(3121410177, 'Nguyễn Văn A', '2024-12-10', 'nguyenvana@gmail.com', 1, 130, 0, '2024-12-02 04:41:00', '2024-12-02 04:41:00', 1),
(3121410178, 'Sinh viên 1', '2024-12-10', 'test@gmail.com', 1, 131, 0, '2024-12-02 04:41:01', '2024-12-02 04:41:01', 1),
(3121410179, 'Nguyễn Văn A', '2024-12-10', 'tranthib1@gmail.com', 1, 132, 0, '2024-12-02 04:41:02', '2024-12-02 04:41:02', 1),
(3121410180, 'Trần Thị Liên', '2024-12-10', 'huhuhuhuvbd@gmail.com', 1, 133, 0, '2024-12-02 04:41:02', '2024-12-02 04:41:02', 1),
(3121410181, 'Trần Thị B', '2024-12-10', 'tranthib@gmail.com', 0, 133, 0, '2024-12-02 04:41:03', '2024-12-02 04:41:03', 1),
(3121410182, 'Lê Văn C', '2024-12-10', 'levanc@gmail.com', 1, 134, 0, '2024-12-02 04:41:03', '2024-12-02 04:41:03', 1),
(3121410183, 'Phạm Thị D', '2024-12-10', 'phamthid@gmail.com', 0, 135, 0, '2024-12-02 04:41:04', '2024-12-02 04:41:04', 1),
(3121410184, 'Hoàng Văn E', '2024-12-10', 'hoangvane@gmail.com', 1, 136, 0, '2024-12-02 04:41:05', '2024-12-02 04:41:05', 1),
(3121410185, 'Vũ Thị F', '2024-12-10', 'vuthif@gmail.com', 0, 137, 0, '2024-12-02 04:41:05', '2024-12-02 04:41:05', 1),
(3121410186, 'Nguyễn Văn A', '2024-12-10', 'nguyenvana@gmail.com', 1, 138, 0, '2024-12-02 04:41:06', '2024-12-02 04:41:06', 1),
(3121410187, 'Sinh viên 1', '2024-12-10', 'test@gmail.com', 1, 139, 0, '2024-12-02 04:41:06', '2024-12-02 04:41:06', 1),
(3121410188, 'Nguyễn Văn A', '2024-12-10', 'tranthib1@gmail.com', 1, 140, 0, '2024-12-02 04:41:07', '2024-12-02 04:41:07', 1),
(3121410189, 'Trần Thị Liên', '2024-12-10', 'huhuhuhuvbd@gmail.com', 1, 141, 0, '2024-12-02 04:41:08', '2024-12-02 04:41:08', 1),
(3121410190, 'Trần Thị B', '2024-12-10', 'tranthib@gmail.com', 0, 142, 0, '2024-12-02 04:41:08', '2024-12-02 04:41:08', 1),
(3121410191, 'Lê Văn C', '2024-12-10', 'levanc@gmail.com', 1, 142, 0, '2024-12-02 04:41:09', '2024-12-02 04:41:09', 1),
(3121410192, 'Phạm Thị D', '2024-12-10', 'phamthid@gmail.com', 0, 143, 0, '2024-12-02 04:41:09', '2024-12-02 04:41:09', 1),
(3121410193, 'Hoàng Văn E', '2024-12-10', 'hoangvane@gmail.com', 1, 144, 0, '2024-12-02 04:41:10', '2024-12-02 04:41:10', 1),
(3121410194, 'Vũ Thị F', '2024-12-10', 'vuthif@gmail.com', 0, 145, 0, '2024-12-02 04:41:11', '2024-12-02 04:41:11', 1),
(3121410195, 'Nguyễn Văn A', '2024-12-10', 'nguyenvana@gmail.com', 1, 146, 0, '2024-12-02 04:41:11', '2024-12-02 04:41:11', 1),
(3121410196, 'Sinh viên 1', '2024-12-10', 'test@gmail.com', 1, 147, 0, '2024-12-02 04:41:12', '2024-12-02 04:41:12', 1),
(3121410197, 'Nguyễn Văn A', '2024-12-10', 'tranthib1@gmail.com', 1, 148, 0, '2024-12-02 04:41:12', '2024-12-02 04:41:12', 1),
(3121410198, 'Trần Thị Liên', '2024-12-10', 'huhuhuhuvbd@gmail.com', 1, 149, 0, '2024-12-02 04:41:13', '2024-12-02 04:41:13', 1),
(3121410199, 'Trần Thị B', '2024-12-10', 'tranthib@gmail.com', 0, 150, 0, '2024-12-02 04:41:13', '2024-12-02 04:41:13', 1),
(3121410200, 'Lê Văn C', '2024-12-10', 'levanc@gmail.com', 1, 151, 0, '2024-12-02 04:41:14', '2024-12-02 04:41:14', 1),
(3121410201, 'Phạm Thị D', '2024-12-10', 'phamthid@gmail.com', 0, 151, 0, '2024-12-02 04:41:15', '2024-12-02 04:41:15', 1),
(3121410202, 'Hoàng Văn E', '2024-12-10', 'hoangvane@gmail.com', 1, 88, 0, '2024-12-02 04:41:15', '2024-12-02 04:41:15', 1),
(3121410203, 'Vũ Thị F', '2024-12-10', 'vuthif@gmail.com', 0, 89, 0, '2024-12-02 04:41:16', '2024-12-02 04:41:16', 1),
(3121410204, 'Nguyễn Văn A', '2024-12-10', 'nguyenvana@gmail.com', 1, 90, 0, '2024-12-02 04:41:17', '2024-12-02 04:41:17', 1),
(3121410205, 'Sinh viên 1', '2024-12-10', 'test@gmail.com', 1, 91, 0, '2024-12-02 04:41:17', '2024-12-02 04:41:17', 1),
(3121410206, 'Nguyễn Văn A', '2024-12-10', 'tranthib1@gmail.com', 1, 92, 0, '2024-12-02 04:41:18', '2024-12-02 04:41:18', 1),
(3121410207, 'Trần Thị Liên', '2024-12-10', 'huhuhuhuvbd@gmail.com', 1, 93, 0, '2024-12-02 04:41:18', '2024-12-02 04:41:18', 1),
(3121410208, 'Trần Thị B', '2024-12-10', 'tranthib@gmail.com', 0, 94, 0, '2024-12-02 04:41:19', '2024-12-02 04:41:19', 1),
(3121410209, 'Lê Văn C', '2024-12-10', 'levanc@gmail.com', 1, 95, 0, '2024-12-02 04:41:20', '2024-12-02 04:41:20', 1),
(3121410210, 'Phạm Thị D', '2024-12-10', 'phamthid@gmail.com', 0, 96, 0, '2024-12-02 04:41:21', '2024-12-02 04:41:21', 1),
(3121410211, 'Hoàng Văn E', '2024-12-10', 'hoangvane@gmail.com', 1, 97, 0, '2024-12-02 04:41:21', '2024-12-02 04:41:21', 1);

-- --------------------------------------------------------

--
-- Cấu trúc bảng cho bảng `thongtindotchamdiem`
--

CREATE TABLE `thongtindotchamdiem` (
  `id` bigint(20) UNSIGNED NOT NULL,
  `dotchamdiem_id` int(11) NOT NULL,
  `covan_id` bigint(20) UNSIGNED DEFAULT NULL,
  `sinhvien_id` bigint(20) UNSIGNED NOT NULL,
  `khoa_id` bigint(20) UNSIGNED DEFAULT NULL,
  `final` int(11) NOT NULL DEFAULT 0,
  `hoanthanh` int(11) NOT NULL DEFAULT 0,
  `ketqua` int(11) DEFAULT NULL,
  `danhgia` varchar(255) DEFAULT NULL,
  `status` int(11) NOT NULL
) ENGINE=InnoDB DEFAULT CHARSET=utf8mb4 COLLATE=utf8mb4_general_ci;

--
-- Đang đổ dữ liệu cho bảng `thongtindotchamdiem`
--

INSERT INTO `thongtindotchamdiem` (`id`, `dotchamdiem_id`, `covan_id`, `sinhvien_id`, `khoa_id`, `final`, `hoanthanh`, `ketqua`, `danhgia`, `status`) VALUES
(1573, 14, NULL, 3121410000, NULL, 0, 0, NULL, NULL, 1),
(1574, 14, NULL, 3121410001, NULL, 0, 0, NULL, NULL, 1),
(1575, 14, NULL, 3121410002, NULL, 0, 0, NULL, NULL, 1),
(1576, 14, NULL, 3121410003, NULL, 0, 0, NULL, NULL, 1),
(1577, 14, NULL, 3121410004, NULL, 0, 0, NULL, NULL, 1),
(1578, 14, NULL, 3121410005, NULL, 0, 0, NULL, NULL, 1),
(1579, 14, NULL, 3121410006, NULL, 0, 0, NULL, NULL, 1),
(1580, 14, NULL, 3121410007, NULL, 0, 0, NULL, NULL, 1),
(1581, 14, NULL, 3121410008, NULL, 0, 0, NULL, NULL, 1),
(1582, 14, NULL, 3121410009, NULL, 0, 0, NULL, NULL, 1),
(1583, 14, NULL, 3121410010, NULL, 0, 0, NULL, NULL, 1),
(1584, 14, NULL, 3121410011, NULL, 0, 0, NULL, NULL, 1),
(1585, 14, NULL, 3121410012, NULL, 0, 0, NULL, NULL, 1),
(1586, 14, NULL, 3121410013, NULL, 0, 0, NULL, NULL, 1),
(1587, 14, NULL, 3121410014, NULL, 0, 0, NULL, NULL, 1),
(1588, 14, NULL, 3121410015, NULL, 0, 0, NULL, NULL, 1),
(1589, 14, NULL, 3121410016, NULL, 0, 0, NULL, NULL, 1),
(1590, 14, NULL, 3121410017, NULL, 0, 0, NULL, NULL, 1),
(1591, 14, NULL, 3121410018, NULL, 0, 0, NULL, NULL, 1),
(1592, 14, NULL, 3121410019, NULL, 0, 0, NULL, NULL, 1),
(1593, 14, NULL, 3121410020, NULL, 0, 0, NULL, NULL, 1),
(1594, 14, NULL, 3121410021, NULL, 0, 0, NULL, NULL, 1),
(1595, 14, NULL, 3121410022, NULL, 0, 0, NULL, NULL, 1),
(1596, 14, NULL, 3121410023, NULL, 0, 0, NULL, NULL, 1),
(1597, 14, NULL, 3121410024, NULL, 0, 0, NULL, NULL, 1),
(1598, 14, NULL, 3121410025, NULL, 0, 0, NULL, NULL, 1),
(1599, 14, NULL, 3121410026, NULL, 0, 0, NULL, NULL, 1),
(1600, 14, NULL, 3121410027, NULL, 0, 0, NULL, NULL, 1),
(1601, 14, NULL, 3121410028, NULL, 0, 0, NULL, NULL, 1),
(1602, 14, NULL, 3121410029, NULL, 0, 0, NULL, NULL, 1),
(1603, 14, NULL, 3121410030, NULL, 0, 0, NULL, NULL, 1),
(1604, 14, NULL, 3121410031, NULL, 0, 0, NULL, NULL, 1),
(1605, 14, NULL, 3121410032, NULL, 0, 0, NULL, NULL, 1),
(1606, 14, NULL, 3121410033, NULL, 0, 0, NULL, NULL, 1),
(1607, 14, NULL, 3121410034, NULL, 0, 0, NULL, NULL, 1),
(1608, 14, NULL, 3121410035, NULL, 0, 0, NULL, NULL, 1),
(1609, 14, NULL, 3121410036, NULL, 0, 0, NULL, NULL, 1),
(1610, 14, NULL, 3121410037, NULL, 0, 0, NULL, NULL, 1),
(1611, 14, NULL, 3121410038, NULL, 0, 0, NULL, NULL, 1),
(1612, 14, NULL, 3121410039, NULL, 0, 0, NULL, NULL, 1),
(1613, 14, NULL, 3121410040, NULL, 0, 0, NULL, NULL, 1),
(1614, 14, NULL, 3121410041, NULL, 0, 0, NULL, NULL, 1),
(1615, 14, NULL, 3121410042, NULL, 0, 0, NULL, NULL, 1),
(1616, 14, NULL, 3121410043, NULL, 0, 0, NULL, NULL, 1),
(1617, 14, NULL, 3121410044, NULL, 0, 0, NULL, NULL, 1),
(1618, 14, NULL, 3121410045, NULL, 0, 0, NULL, NULL, 1),
(1619, 14, NULL, 3121410046, NULL, 0, 0, NULL, NULL, 1),
(1620, 14, NULL, 3121410047, NULL, 0, 0, NULL, NULL, 1),
(1621, 14, NULL, 3121410048, NULL, 0, 0, NULL, NULL, 1),
(1622, 14, NULL, 3121410049, NULL, 0, 0, NULL, NULL, 1),
(1623, 14, NULL, 3121410050, NULL, 0, 0, NULL, NULL, 1),
(1624, 14, NULL, 3121410051, NULL, 0, 0, NULL, NULL, 1),
(1625, 14, NULL, 3121410052, NULL, 0, 0, NULL, NULL, 1),
(1626, 14, NULL, 3121410053, NULL, 0, 0, NULL, NULL, 1),
(1627, 14, NULL, 3121410054, NULL, 0, 0, NULL, NULL, 1),
(1628, 14, NULL, 3121410055, NULL, 0, 0, NULL, NULL, 1),
(1629, 14, NULL, 3121410056, NULL, 0, 0, NULL, NULL, 1),
(1630, 14, NULL, 3121410057, NULL, 0, 0, NULL, NULL, 1),
(1631, 14, NULL, 3121410058, NULL, 0, 0, NULL, NULL, 1),
(1632, 14, NULL, 3121410059, NULL, 0, 0, NULL, NULL, 1),
(1633, 14, NULL, 3121410060, NULL, 0, 0, NULL, NULL, 1),
(1634, 14, NULL, 3121410061, NULL, 0, 0, NULL, NULL, 1),
(1635, 14, NULL, 3121410062, NULL, 0, 0, NULL, NULL, 1),
(1636, 14, NULL, 3121410063, NULL, 0, 0, NULL, NULL, 1),
(1637, 14, NULL, 3121410064, NULL, 0, 0, NULL, NULL, 1),
(1638, 14, NULL, 3121410065, NULL, 0, 0, NULL, NULL, 1),
(1639, 14, NULL, 3121410066, NULL, 0, 0, NULL, NULL, 1),
(1640, 14, NULL, 3121410067, NULL, 0, 0, NULL, NULL, 1),
(1641, 14, NULL, 3121410068, NULL, 0, 0, NULL, NULL, 1),
(1642, 14, NULL, 3121410069, NULL, 0, 0, NULL, NULL, 1),
(1643, 14, NULL, 3121410070, NULL, 0, 0, NULL, NULL, 1),
(1644, 14, NULL, 3121410071, NULL, 0, 0, NULL, NULL, 1),
(1645, 14, NULL, 3121410072, NULL, 0, 0, NULL, NULL, 1),
(1646, 14, NULL, 3121410073, NULL, 0, 0, NULL, NULL, 1),
(1647, 14, NULL, 3121410074, NULL, 0, 0, NULL, NULL, 1),
(1648, 14, NULL, 3121410075, NULL, 0, 0, NULL, NULL, 1),
(1649, 14, NULL, 3121410076, NULL, 0, 0, NULL, NULL, 1),
(1650, 14, NULL, 3121410077, NULL, 0, 0, NULL, NULL, 1),
(1651, 14, NULL, 3121410078, NULL, 0, 0, NULL, NULL, 1),
(1652, 14, NULL, 3121410079, NULL, 0, 0, NULL, NULL, 1),
(1653, 14, NULL, 3121410080, NULL, 0, 0, NULL, NULL, 1),
(1654, 14, NULL, 3121410081, NULL, 0, 0, NULL, NULL, 1),
(1655, 14, NULL, 3121410082, NULL, 0, 0, NULL, NULL, 1),
(1656, 14, NULL, 3121410083, NULL, 0, 0, NULL, NULL, 1),
(1657, 14, NULL, 3121410084, NULL, 0, 0, NULL, NULL, 1),
(1658, 14, NULL, 3121410085, NULL, 0, 0, NULL, NULL, 1),
(1659, 14, NULL, 3121410086, NULL, 0, 0, NULL, NULL, 1),
(1660, 14, NULL, 3121410087, NULL, 0, 0, NULL, NULL, 1),
(1661, 14, NULL, 3121410088, NULL, 0, 0, NULL, NULL, 1),
(1662, 14, NULL, 3121410089, NULL, 0, 0, NULL, NULL, 1),
(1663, 14, NULL, 3121410090, NULL, 0, 0, NULL, NULL, 1),
(1664, 14, NULL, 3121410091, NULL, 0, 0, NULL, NULL, 1),
(1665, 14, NULL, 3121410092, NULL, 0, 0, NULL, NULL, 1),
(1666, 14, NULL, 3121410093, NULL, 0, 0, NULL, NULL, 1),
(1667, 14, NULL, 3121410094, NULL, 0, 0, NULL, NULL, 1),
(1668, 14, NULL, 3121410095, NULL, 0, 0, NULL, NULL, 1),
(1669, 14, NULL, 3121410096, NULL, 0, 0, NULL, NULL, 1),
(1670, 14, NULL, 3121410097, NULL, 0, 0, NULL, NULL, 1),
(1671, 14, NULL, 3121410098, NULL, 0, 0, NULL, NULL, 1),
(1672, 14, NULL, 3121410099, NULL, 0, 0, NULL, NULL, 1),
(1673, 14, NULL, 3121410100, NULL, 0, 0, NULL, NULL, 1),
(1674, 14, NULL, 3121410101, NULL, 0, 0, NULL, NULL, 1),
(1675, 14, NULL, 3121410102, NULL, 0, 0, NULL, NULL, 1),
(1676, 14, NULL, 3121410103, NULL, 0, 0, NULL, NULL, 1),
(1677, 14, NULL, 3121410104, NULL, 0, 0, NULL, NULL, 1),
(1678, 14, NULL, 3121410105, NULL, 0, 0, NULL, NULL, 1),
(1679, 14, NULL, 3121410106, NULL, 0, 0, NULL, NULL, 1),
(1680, 14, NULL, 3121410107, NULL, 0, 0, NULL, NULL, 1),
(1681, 14, NULL, 3121410108, NULL, 0, 0, NULL, NULL, 1),
(1682, 14, NULL, 3121410109, NULL, 0, 0, NULL, NULL, 1),
(1683, 14, NULL, 3121410110, NULL, 0, 0, NULL, NULL, 1),
(1684, 14, NULL, 3121410111, NULL, 0, 0, NULL, NULL, 1),
(1685, 14, NULL, 3121410112, NULL, 0, 0, NULL, NULL, 1),
(1686, 14, NULL, 3121410113, NULL, 0, 0, NULL, NULL, 1),
(1687, 14, NULL, 3121410114, NULL, 0, 0, NULL, NULL, 1),
(1688, 14, NULL, 3121410115, NULL, 0, 0, NULL, NULL, 1),
(1689, 14, NULL, 3121410116, NULL, 0, 0, NULL, NULL, 1),
(1690, 14, NULL, 3121410117, NULL, 0, 0, NULL, NULL, 1),
(1691, 14, NULL, 3121410118, NULL, 0, 0, NULL, NULL, 1),
(1692, 14, NULL, 3121410119, NULL, 0, 0, NULL, NULL, 1),
(1693, 14, NULL, 3121410120, NULL, 0, 0, NULL, NULL, 1),
(1694, 14, NULL, 3121410121, NULL, 0, 0, NULL, NULL, 1),
(1695, 14, NULL, 3121410122, NULL, 0, 0, NULL, NULL, 1),
(1696, 14, NULL, 3121410123, NULL, 0, 0, NULL, NULL, 1),
(1697, 14, NULL, 3121410124, NULL, 0, 0, NULL, NULL, 1),
(1698, 14, NULL, 3121410125, NULL, 0, 0, NULL, NULL, 1),
(1699, 14, NULL, 3121410126, NULL, 0, 0, NULL, NULL, 1),
(1700, 14, NULL, 3121410127, NULL, 0, 0, NULL, NULL, 1),
(1701, 14, NULL, 3121410128, NULL, 0, 0, NULL, NULL, 1),
(1702, 14, NULL, 3121410129, NULL, 0, 0, NULL, NULL, 1),
(1703, 14, NULL, 3121410130, NULL, 0, 0, NULL, NULL, 1),
(1704, 14, NULL, 3121410131, NULL, 0, 0, NULL, NULL, 1),
(1705, 14, NULL, 3121410132, NULL, 0, 0, NULL, NULL, 1),
(1706, 14, NULL, 3121410133, NULL, 0, 0, NULL, NULL, 1),
(1707, 14, NULL, 3121410134, NULL, 0, 0, NULL, NULL, 1),
(1708, 14, NULL, 3121410135, NULL, 0, 0, NULL, NULL, 1),
(1709, 14, NULL, 3121410136, NULL, 0, 0, NULL, NULL, 1),
(1710, 14, NULL, 3121410137, NULL, 0, 0, NULL, NULL, 1),
(1711, 14, NULL, 3121410138, NULL, 0, 0, NULL, NULL, 1),
(1712, 14, NULL, 3121410139, NULL, 0, 0, NULL, NULL, 1),
(1713, 14, NULL, 3121410140, NULL, 0, 0, NULL, NULL, 1),
(1714, 14, NULL, 3121410141, NULL, 0, 0, NULL, NULL, 1),
(1715, 14, NULL, 3121410142, NULL, 0, 0, NULL, NULL, 1),
(1716, 14, NULL, 3121410143, NULL, 0, 0, NULL, NULL, 1),
(1717, 14, NULL, 3121410144, NULL, 0, 0, NULL, NULL, 1),
(1718, 14, NULL, 3121410145, NULL, 0, 0, NULL, NULL, 1),
(1719, 14, NULL, 3121410146, NULL, 0, 0, NULL, NULL, 1),
(1720, 14, NULL, 3121410147, NULL, 0, 0, NULL, NULL, 1),
(1721, 14, NULL, 3121410148, NULL, 0, 0, NULL, NULL, 1),
(1722, 14, NULL, 3121410149, NULL, 0, 0, NULL, NULL, 1),
(1723, 14, NULL, 3121410150, NULL, 0, 0, NULL, NULL, 1),
(1724, 14, NULL, 3121410151, NULL, 0, 0, NULL, NULL, 1),
(1725, 14, NULL, 3121410152, NULL, 0, 0, NULL, NULL, 1),
(1726, 14, NULL, 3121410153, NULL, 0, 0, NULL, NULL, 1),
(1727, 14, NULL, 3121410154, NULL, 0, 0, NULL, NULL, 1),
(1728, 14, NULL, 3121410155, NULL, 0, 0, NULL, NULL, 1),
(1729, 14, NULL, 3121410156, NULL, 0, 0, NULL, NULL, 1),
(1730, 14, NULL, 3121410157, NULL, 0, 0, NULL, NULL, 1),
(1731, 14, NULL, 3121410158, NULL, 0, 0, NULL, NULL, 1),
(1732, 14, NULL, 3121410159, NULL, 0, 0, NULL, NULL, 1),
(1733, 14, NULL, 3121410160, NULL, 0, 0, NULL, NULL, 1),
(1734, 14, NULL, 3121410161, NULL, 0, 0, NULL, NULL, 1),
(1735, 14, NULL, 3121410162, NULL, 0, 0, NULL, NULL, 1),
(1736, 14, NULL, 3121410163, NULL, 0, 0, NULL, NULL, 1),
(1737, 14, NULL, 3121410164, NULL, 0, 0, NULL, NULL, 1),
(1738, 14, NULL, 3121410165, NULL, 0, 0, NULL, NULL, 1),
(1739, 14, NULL, 3121410166, NULL, 0, 0, NULL, NULL, 1),
(1740, 14, NULL, 3121410167, NULL, 0, 0, NULL, NULL, 1),
(1741, 14, NULL, 3121410168, NULL, 0, 0, NULL, NULL, 1),
(1742, 14, NULL, 3121410169, NULL, 0, 0, NULL, NULL, 1),
(1743, 14, NULL, 3121410170, NULL, 0, 0, NULL, NULL, 1),
(1744, 14, NULL, 3121410171, NULL, 0, 0, NULL, NULL, 1),
(1745, 14, NULL, 3121410172, NULL, 0, 0, NULL, NULL, 1),
(1746, 14, NULL, 3121410173, NULL, 0, 0, NULL, NULL, 1),
(1747, 14, NULL, 3121410174, NULL, 0, 0, NULL, NULL, 1),
(1748, 14, NULL, 3121410175, NULL, 0, 0, NULL, NULL, 1),
(1749, 14, NULL, 3121410176, NULL, 0, 0, NULL, NULL, 1),
(1750, 14, NULL, 3121410177, NULL, 0, 0, NULL, NULL, 1),
(1751, 14, NULL, 3121410178, NULL, 0, 0, NULL, NULL, 1),
(1752, 14, NULL, 3121410179, NULL, 0, 0, NULL, NULL, 1),
(1753, 14, NULL, 3121410180, NULL, 0, 0, NULL, NULL, 1),
(1754, 14, NULL, 3121410181, NULL, 0, 0, NULL, NULL, 1),
(1755, 14, NULL, 3121410182, NULL, 0, 0, NULL, NULL, 1),
(1756, 14, NULL, 3121410183, NULL, 0, 0, NULL, NULL, 1),
(1757, 14, NULL, 3121410184, NULL, 0, 0, NULL, NULL, 1),
(1758, 14, NULL, 3121410185, NULL, 0, 0, NULL, NULL, 1),
(1759, 14, NULL, 3121410186, NULL, 0, 0, NULL, NULL, 1),
(1760, 14, NULL, 3121410187, NULL, 0, 0, NULL, NULL, 1),
(1761, 14, NULL, 3121410188, NULL, 0, 0, NULL, NULL, 1),
(1762, 14, NULL, 3121410189, NULL, 0, 0, NULL, NULL, 1),
(1763, 14, NULL, 3121410190, NULL, 0, 0, NULL, NULL, 1),
(1764, 14, NULL, 3121410191, NULL, 0, 0, NULL, NULL, 1),
(1765, 14, NULL, 3121410192, NULL, 0, 0, NULL, NULL, 1),
(1766, 14, NULL, 3121410193, NULL, 0, 0, NULL, NULL, 1),
(1767, 14, NULL, 3121410194, NULL, 0, 0, NULL, NULL, 1),
(1768, 14, NULL, 3121410195, NULL, 0, 0, NULL, NULL, 1),
(1769, 14, NULL, 3121410196, NULL, 0, 0, NULL, NULL, 1),
(1770, 14, NULL, 3121410197, NULL, 0, 0, NULL, NULL, 1),
(1771, 14, NULL, 3121410198, NULL, 0, 0, NULL, NULL, 1),
(1772, 14, NULL, 3121410199, NULL, 0, 0, NULL, NULL, 1),
(1773, 14, NULL, 3121410200, NULL, 0, 0, NULL, NULL, 1),
(1774, 14, NULL, 3121410201, NULL, 0, 0, NULL, NULL, 1),
(1775, 14, NULL, 3121410202, NULL, 0, 0, NULL, NULL, 1),
(1776, 14, NULL, 3121410203, NULL, 0, 0, NULL, NULL, 1),
(1777, 14, NULL, 3121410204, NULL, 0, 0, NULL, NULL, 1),
(1778, 14, NULL, 3121410205, NULL, 0, 0, NULL, NULL, 1),
(1779, 14, NULL, 3121410206, NULL, 0, 0, NULL, NULL, 1),
(1780, 14, NULL, 3121410207, NULL, 0, 0, NULL, NULL, 1),
(1781, 14, NULL, 3121410208, NULL, 0, 0, NULL, NULL, 1),
(1782, 14, NULL, 3121410209, NULL, 0, 0, NULL, NULL, 1),
(1783, 14, NULL, 3121410210, NULL, 0, 0, NULL, NULL, 1),
(1784, 14, NULL, 3121410211, NULL, 0, 0, NULL, NULL, 1),
(1828, 15, 1000000001, 3121410000, NULL, 0, 1, 10, 'Kém', 1),
(1829, 15, 1000000001, 3121410001, NULL, 0, 0, NULL, NULL, 1),
(1830, 15, 1000000001, 3121410002, NULL, 0, 0, NULL, NULL, 1),
(1831, 15, 1000000001, 3121410003, NULL, 0, 0, NULL, NULL, 1),
(1832, 15, 1000000001, 3121410004, NULL, 0, 0, NULL, NULL, 1),
(1833, 15, 1000000001, 3121410005, NULL, 0, 0, NULL, NULL, 1),
(1834, 15, 1000000001, 3121410006, NULL, 0, 0, NULL, NULL, 1),
(1835, 15, 1000000001, 3121410007, NULL, 0, 0, NULL, NULL, 1),
(1836, 15, 1000000001, 3121410008, NULL, 0, 0, NULL, NULL, 1),
(1837, 15, 1000000001, 3121410009, NULL, 0, 0, NULL, NULL, 1),
(1838, 15, 1000000001, 3121410010, NULL, 0, 0, NULL, NULL, 1),
(1839, 15, 1000000001, 3121410011, NULL, 0, 0, NULL, NULL, 1),
(1840, 15, 1000000001, 3121410012, NULL, 0, 0, NULL, NULL, 1),
(1841, 15, 1000000001, 3121410013, NULL, 0, 0, NULL, NULL, 1),
(1842, 15, 1000000001, 3121410014, NULL, 0, 0, NULL, NULL, 1),
(1843, 15, 1000000001, 3121410015, NULL, 0, 0, NULL, NULL, 1),
(1844, 15, 1000000001, 3121410016, NULL, 0, 0, NULL, NULL, 1),
(1845, 15, 1000000001, 3121410017, NULL, 0, 0, NULL, NULL, 1),
(1846, 15, 1000000002, 3121410018, NULL, 0, 0, NULL, NULL, 1),
(1847, 15, 1000000002, 3121410019, NULL, 0, 0, NULL, NULL, 1),
(1848, 15, 1000000002, 3121410020, NULL, 0, 0, NULL, NULL, 1),
(1849, 15, 1000000002, 3121410021, NULL, 0, 0, NULL, NULL, 1),
(1850, 15, 1000000002, 3121410022, NULL, 0, 0, NULL, NULL, 1),
(1851, 15, 1000000002, 3121410023, NULL, 0, 0, NULL, NULL, 1),
(1852, 15, 1000000004, 3121410024, NULL, 0, 0, NULL, NULL, 1),
(1853, 15, 1000000003, 3121410025, NULL, 0, 0, NULL, NULL, 1),
(1854, 15, 1000000003, 3121410026, NULL, 0, 0, NULL, NULL, 1),
(1855, 15, 1000000010, 3121410027, NULL, 0, 0, NULL, NULL, 1),
(1856, 15, 1000000010, 3121410028, NULL, 0, 0, NULL, NULL, 1),
(1857, 15, 1000000010, 3121410029, NULL, 0, 0, NULL, NULL, 1),
(1858, 15, 1000000010, 3121410030, NULL, 0, 0, NULL, NULL, 1),
(1859, 15, 1000000010, 3121410031, NULL, 0, 0, NULL, NULL, 1),
(1860, 15, 1000000011, 3121410032, NULL, 0, 0, NULL, NULL, 1),
(1861, 15, 1000000011, 3121410033, NULL, 0, 0, NULL, NULL, 1),
(1862, 15, 1000000011, 3121410034, NULL, 0, 0, NULL, NULL, 1),
(1863, 15, 1000000011, 3121410035, NULL, 0, 0, NULL, NULL, 1),
(1864, 15, 1000000011, 3121410036, NULL, 0, 0, NULL, NULL, 1),
(1865, 15, 1000000011, 3121410037, NULL, 0, 0, NULL, NULL, 1),
(1866, 15, 1000000012, 3121410038, NULL, 0, 0, NULL, NULL, 1),
(1867, 15, 1000000012, 3121410039, NULL, 0, 0, NULL, NULL, 1),
(1868, 15, 1000000012, 3121410040, NULL, 0, 0, NULL, NULL, 1),
(1869, 15, 1000000012, 3121410041, NULL, 0, 0, NULL, NULL, 1),
(1870, 15, 1000000012, 3121410042, NULL, 0, 0, NULL, NULL, 1),
(1871, 15, 1000000013, 3121410043, NULL, 0, 0, NULL, NULL, 1),
(1872, 15, 1000000013, 3121410044, NULL, 0, 0, NULL, NULL, 1),
(1873, 15, 1000000013, 3121410045, NULL, 0, 0, NULL, NULL, 1),
(1874, 15, 1000000013, 3121410046, NULL, 0, 0, NULL, NULL, 1),
(1875, 15, 1000000013, 3121410047, NULL, 0, 0, NULL, NULL, 1),
(1876, 15, 1000000013, 3121410048, NULL, 0, 0, NULL, NULL, 1),
(1877, 15, 1000000013, 3121410049, NULL, 0, 0, NULL, NULL, 1),
(1878, 15, 1000000014, 3121410050, NULL, 0, 0, NULL, NULL, 1),
(1879, 15, 1000000014, 3121410051, NULL, 0, 0, NULL, NULL, 1),
(1880, 15, 1000000014, 3121410052, NULL, 0, 0, NULL, NULL, 1),
(1881, 15, 1000000014, 3121410053, NULL, 0, 0, NULL, NULL, 1),
(1882, 15, 1000000030, 3121410054, NULL, 0, 0, NULL, NULL, 1),
(1883, 15, 1000000030, 3121410055, NULL, 0, 0, NULL, NULL, 1),
(1884, 15, 1000000030, 3121410056, NULL, 0, 0, NULL, NULL, 1),
(1885, 15, 1000000030, 3121410057, NULL, 0, 0, NULL, NULL, 1),
(1886, 15, 1000000030, 3121410058, NULL, 0, 0, NULL, NULL, 1),
(1887, 15, 1000000031, 3121410059, NULL, 0, 0, NULL, NULL, 1),
(1888, 15, 1000000031, 3121410060, NULL, 0, 0, NULL, NULL, 1),
(1889, 15, 1000000031, 3121410061, NULL, 0, 0, NULL, NULL, 1),
(1890, 15, 1000000031, 3121410062, NULL, 0, 0, NULL, NULL, 1),
(1891, 15, 1000000031, 3121410063, NULL, 0, 0, NULL, NULL, 1),
(1892, 15, 1000000031, 3121410064, NULL, 0, 0, NULL, NULL, 1),
(1893, 15, 1000000032, 3121410065, NULL, 0, 0, NULL, NULL, 1),
(1894, 15, 1000000032, 3121410066, NULL, 0, 0, NULL, NULL, 1),
(1895, 15, 1000000032, 3121410067, NULL, 0, 0, NULL, NULL, 1),
(1896, 15, 1000000032, 3121410068, NULL, 0, 0, NULL, NULL, 1),
(1897, 15, 1000000032, 3121410069, NULL, 0, 0, NULL, NULL, 1),
(1898, 15, 1000000033, 3121410070, NULL, 0, 0, NULL, NULL, 1),
(1899, 15, 1000000033, 3121410071, NULL, 0, 0, NULL, NULL, 1),
(1900, 15, 1000000033, 3121410072, NULL, 0, 0, NULL, NULL, 1),
(1901, 15, 1000000033, 3121410073, NULL, 0, 0, NULL, NULL, 1),
(1902, 15, 1000000033, 3121410074, NULL, 0, 0, NULL, NULL, 1),
(1903, 15, 1000000033, 3121410075, NULL, 0, 0, NULL, NULL, 1),
(1904, 15, 1000000033, 3121410076, NULL, 0, 0, NULL, NULL, 1),
(1905, 15, 1000000034, 3121410077, NULL, 0, 0, NULL, NULL, 1),
(1906, 15, 1000000034, 3121410078, NULL, 0, 0, NULL, NULL, 1),
(1907, 15, 1000000034, 3121410079, NULL, 0, 0, NULL, NULL, 1),
(1908, 15, 1000000034, 3121410080, NULL, 0, 0, NULL, NULL, 1),
(1909, 15, 1000000034, 3121410081, NULL, 0, 0, NULL, NULL, 1),
(1910, 15, 1000000035, 3121410082, NULL, 0, 0, NULL, NULL, 1),
(1911, 15, 1000000035, 3121410083, NULL, 0, 0, NULL, NULL, 1),
(1912, 15, 1000000035, 3121410084, NULL, 0, 0, NULL, NULL, 1),
(1913, 15, 1000000160, 3121410085, NULL, 0, 0, NULL, NULL, 1),
(1914, 15, 1000000161, 3121410086, NULL, 0, 0, NULL, NULL, 1),
(1915, 15, 1000000162, 3121410087, NULL, 0, 0, NULL, NULL, 1),
(1916, 15, 1000000163, 3121410088, NULL, 0, 0, NULL, NULL, 1),
(1917, 15, 1000000164, 3121410089, NULL, 0, 0, NULL, NULL, 1),
(1918, 15, 1000000165, 3121410090, NULL, 0, 0, NULL, NULL, 1),
(1919, 15, 1000000166, 3121410091, NULL, 0, 0, NULL, NULL, 1),
(1920, 15, 1000000167, 3121410092, NULL, 0, 0, NULL, NULL, 1),
(1921, 15, 1000000168, 3121410093, NULL, 0, 0, NULL, NULL, 1),
(1922, 15, 1000000169, 3121410094, NULL, 0, 0, NULL, NULL, 1),
(1923, 15, 1000000169, 3121410095, NULL, 0, 0, NULL, NULL, 1),
(1924, 15, 1000000160, 3121410096, NULL, 0, 0, NULL, NULL, 1),
(1925, 15, 1000000161, 3121410097, NULL, 0, 0, NULL, NULL, 1),
(1926, 15, 1000000162, 3121410098, NULL, 0, 0, NULL, NULL, 1),
(1927, 15, 1000000163, 3121410099, NULL, 0, 0, NULL, NULL, 1),
(1928, 15, 1000000164, 3121410100, NULL, 0, 0, NULL, NULL, 1),
(1929, 15, 1000000165, 3121410101, NULL, 0, 0, NULL, NULL, 1),
(1930, 15, 1000000166, 3121410102, NULL, 0, 0, NULL, NULL, 1),
(1931, 15, 1000000167, 3121410103, NULL, 0, 0, NULL, NULL, 1),
(1932, 15, 1000000168, 3121410104, NULL, 0, 0, NULL, NULL, 1),
(1933, 15, 1000000168, 3121410105, NULL, 0, 0, NULL, NULL, 1),
(1934, 15, 1000000169, 3121410106, NULL, 0, 0, NULL, NULL, 1),
(1935, 15, 1000000160, 3121410107, NULL, 0, 0, NULL, NULL, 1),
(1936, 15, 1000000161, 3121410108, NULL, 0, 0, NULL, NULL, 1),
(1937, 15, 1000000162, 3121410109, NULL, 0, 0, NULL, NULL, 1),
(1938, 15, 1000000163, 3121410110, NULL, 0, 0, NULL, NULL, 1),
(1939, 15, 1000000164, 3121410111, NULL, 0, 0, NULL, NULL, 1),
(1940, 15, 1000000165, 3121410112, NULL, 0, 0, NULL, NULL, 1),
(1941, 15, 1000000166, 3121410113, NULL, 0, 0, NULL, NULL, 1),
(1942, 15, 1000000167, 3121410114, NULL, 0, 0, NULL, NULL, 1),
(1943, 15, 1000000167, 3121410115, NULL, 0, 0, NULL, NULL, 1),
(1944, 15, 1000000168, 3121410116, NULL, 0, 0, NULL, NULL, 1),
(1945, 15, 1000000001, 3121410117, NULL, 0, 0, NULL, NULL, 1),
(1946, 15, 1000000001, 3121410118, NULL, 0, 0, NULL, NULL, 1),
(1947, 15, 1000000001, 3121410119, NULL, 0, 0, NULL, NULL, 1),
(1948, 15, 1000000001, 3121410120, NULL, 0, 0, NULL, NULL, 1),
(1949, 15, 1000000001, 3121410121, NULL, 0, 0, NULL, NULL, 1),
(1950, 15, 1000000001, 3121410122, NULL, 0, 0, NULL, NULL, 1),
(1951, 15, 1000000001, 3121410123, NULL, 0, 0, NULL, NULL, 1),
(1952, 15, 1000000001, 3121410124, NULL, 0, 0, NULL, NULL, 1),
(1953, 15, 1000000001, 3121410125, NULL, 0, 0, NULL, NULL, 1),
(1954, 15, 1000000001, 3121410126, NULL, 0, 0, NULL, NULL, 1),
(1955, 15, 1000000001, 3121410127, NULL, 0, 0, NULL, NULL, 1),
(1956, 15, 1000000001, 3121410128, NULL, 0, 0, NULL, NULL, 1),
(1957, 15, 1000000001, 3121410129, NULL, 0, 0, NULL, NULL, 1),
(1958, 15, 1000000001, 3121410130, NULL, 0, 0, NULL, NULL, 1),
(1959, 15, 1000000001, 3121410131, NULL, 0, 0, NULL, NULL, 1),
(1960, 15, 1000000001, 3121410132, NULL, 0, 0, NULL, NULL, 1),
(1961, 15, 1000000001, 3121410133, NULL, 0, 0, NULL, NULL, 1),
(1962, 15, 1000000001, 3121410134, NULL, 0, 0, NULL, NULL, 1),
(1963, 15, 1000000002, 3121410135, NULL, 0, 0, NULL, NULL, 1),
(1964, 15, 1000000002, 3121410136, NULL, 0, 0, NULL, NULL, 1),
(1965, 15, 1000000002, 3121410137, NULL, 0, 0, NULL, NULL, 1),
(1966, 15, 1000000002, 3121410138, NULL, 0, 0, NULL, NULL, 1),
(1967, 15, 1000000002, 3121410139, NULL, 0, 0, NULL, NULL, 1),
(1968, 15, 1000000002, 3121410140, NULL, 0, 0, NULL, NULL, 1),
(1969, 15, 1000000004, 3121410141, NULL, 0, 0, NULL, NULL, 1),
(1970, 15, 1000000003, 3121410142, NULL, 0, 0, NULL, NULL, 1),
(1971, 15, 1000000003, 3121410143, NULL, 0, 0, NULL, NULL, 1),
(1972, 15, 1000000010, 3121410144, NULL, 0, 0, NULL, NULL, 1),
(1973, 15, 1000000010, 3121410145, NULL, 0, 0, NULL, NULL, 1),
(1974, 15, 1000000010, 3121410146, NULL, 0, 0, NULL, NULL, 1),
(1975, 15, 1000000010, 3121410147, NULL, 0, 0, NULL, NULL, 1),
(1976, 15, 1000000010, 3121410148, NULL, 0, 0, NULL, NULL, 1),
(1977, 15, 1000000011, 3121410149, NULL, 0, 0, NULL, NULL, 1),
(1978, 15, 1000000011, 3121410150, NULL, 0, 0, NULL, NULL, 1),
(1979, 15, 1000000011, 3121410151, NULL, 0, 0, NULL, NULL, 1),
(1980, 15, 1000000011, 3121410152, NULL, 0, 0, NULL, NULL, 1),
(1981, 15, 1000000011, 3121410153, NULL, 0, 0, NULL, NULL, 1),
(1982, 15, 1000000011, 3121410154, NULL, 0, 0, NULL, NULL, 1),
(1983, 15, 1000000012, 3121410155, NULL, 0, 0, NULL, NULL, 1),
(1984, 15, 1000000012, 3121410156, NULL, 0, 0, NULL, NULL, 1),
(1985, 15, 1000000012, 3121410157, NULL, 0, 0, NULL, NULL, 1),
(1986, 15, 1000000012, 3121410158, NULL, 0, 0, NULL, NULL, 1),
(1987, 15, 1000000012, 3121410159, NULL, 0, 0, NULL, NULL, 1),
(1988, 15, 1000000013, 3121410160, NULL, 0, 0, NULL, NULL, 1),
(1989, 15, 1000000013, 3121410161, NULL, 0, 0, NULL, NULL, 1),
(1990, 15, 1000000013, 3121410162, NULL, 0, 0, NULL, NULL, 1),
(1991, 15, 1000000013, 3121410163, NULL, 0, 0, NULL, NULL, 1),
(1992, 15, 1000000013, 3121410164, NULL, 0, 0, NULL, NULL, 1),
(1993, 15, 1000000013, 3121410165, NULL, 0, 0, NULL, NULL, 1),
(1994, 15, 1000000013, 3121410166, NULL, 0, 0, NULL, NULL, 1),
(1995, 15, 1000000014, 3121410167, NULL, 0, 0, NULL, NULL, 1),
(1996, 15, 1000000014, 3121410168, NULL, 0, 0, NULL, NULL, 1),
(1997, 15, 1000000014, 3121410169, NULL, 0, 0, NULL, NULL, 1),
(1998, 15, 1000000014, 3121410170, NULL, 0, 0, NULL, NULL, 1),
(1999, 15, 1000000030, 3121410171, NULL, 0, 0, NULL, NULL, 1),
(2000, 15, 1000000030, 3121410172, NULL, 0, 0, NULL, NULL, 1),
(2001, 15, 1000000030, 3121410173, NULL, 0, 0, NULL, NULL, 1),
(2002, 15, 1000000030, 3121410174, NULL, 0, 0, NULL, NULL, 1),
(2003, 15, 1000000030, 3121410175, NULL, 0, 0, NULL, NULL, 1),
(2004, 15, 1000000031, 3121410176, NULL, 0, 0, NULL, NULL, 1),
(2005, 15, 1000000031, 3121410177, NULL, 0, 0, NULL, NULL, 1),
(2006, 15, 1000000031, 3121410178, NULL, 0, 0, NULL, NULL, 1),
(2007, 15, 1000000031, 3121410179, NULL, 0, 0, NULL, NULL, 1),
(2008, 15, 1000000031, 3121410180, NULL, 0, 0, NULL, NULL, 1),
(2009, 15, 1000000031, 3121410181, NULL, 0, 0, NULL, NULL, 1),
(2010, 15, 1000000032, 3121410182, NULL, 0, 0, NULL, NULL, 1),
(2011, 15, 1000000032, 3121410183, NULL, 0, 0, NULL, NULL, 1),
(2012, 15, 1000000032, 3121410184, NULL, 0, 0, NULL, NULL, 1),
(2013, 15, 1000000032, 3121410185, NULL, 0, 0, NULL, NULL, 1),
(2014, 15, 1000000032, 3121410186, NULL, 0, 0, NULL, NULL, 1),
(2015, 15, 1000000033, 3121410187, NULL, 0, 0, NULL, NULL, 1),
(2016, 15, 1000000033, 3121410188, NULL, 0, 0, NULL, NULL, 1),
(2017, 15, 1000000033, 3121410189, NULL, 0, 0, NULL, NULL, 1),
(2018, 15, 1000000033, 3121410190, NULL, 0, 0, NULL, NULL, 1),
(2019, 15, 1000000033, 3121410191, NULL, 0, 0, NULL, NULL, 1),
(2020, 15, 1000000033, 3121410192, NULL, 0, 0, NULL, NULL, 1),
(2021, 15, 1000000033, 3121410193, NULL, 0, 0, NULL, NULL, 1),
(2022, 15, 1000000034, 3121410194, NULL, 0, 0, NULL, NULL, 1),
(2023, 15, 1000000034, 3121410195, NULL, 0, 0, NULL, NULL, 1),
(2024, 15, 1000000034, 3121410196, NULL, 0, 0, NULL, NULL, 1),
(2025, 15, 1000000034, 3121410197, NULL, 0, 0, NULL, NULL, 1),
(2026, 15, 1000000034, 3121410198, NULL, 0, 0, NULL, NULL, 1),
(2027, 15, 1000000035, 3121410199, NULL, 0, 0, NULL, NULL, 1),
(2028, 15, 1000000035, 3121410200, NULL, 0, 0, NULL, NULL, 1),
(2029, 15, 1000000035, 3121410201, NULL, 0, 0, NULL, NULL, 1),
(2030, 15, 1000000160, 3121410202, NULL, 0, 0, NULL, NULL, 1),
(2031, 15, 1000000161, 3121410203, NULL, 0, 0, NULL, NULL, 1),
(2032, 15, 1000000162, 3121410204, NULL, 0, 0, NULL, NULL, 1),
(2033, 15, 1000000163, 3121410205, NULL, 0, 0, NULL, NULL, 1),
(2034, 15, 1000000164, 3121410206, NULL, 0, 0, NULL, NULL, 1),
(2035, 15, 1000000165, 3121410207, NULL, 0, 0, NULL, NULL, 1),
(2036, 15, 1000000166, 3121410208, NULL, 0, 0, NULL, NULL, 1),
(2037, 15, 1000000167, 3121410209, NULL, 0, 0, NULL, NULL, 1),
(2038, 15, 1000000168, 3121410210, NULL, 0, 0, NULL, NULL, 1),
(2039, 15, 1000000169, 3121410211, NULL, 0, 0, NULL, NULL, 1),
(2083, 16, NULL, 3121410000, 1, 0, 0, NULL, NULL, 1),
(2084, 16, NULL, 3121410001, 1, 0, 0, NULL, NULL, 1),
(2085, 16, NULL, 3121410002, 1, 0, 0, NULL, NULL, 1),
(2086, 16, NULL, 3121410003, 1, 0, 0, NULL, NULL, 1),
(2087, 16, NULL, 3121410004, 1, 0, 0, NULL, NULL, 1),
(2088, 16, NULL, 3121410005, 1, 0, 0, NULL, NULL, 1),
(2089, 16, NULL, 3121410006, 1, 0, 0, NULL, NULL, 1),
(2090, 16, NULL, 3121410007, 1, 0, 0, NULL, NULL, 1),
(2091, 16, NULL, 3121410008, 1, 0, 0, NULL, NULL, 1),
(2092, 16, NULL, 3121410009, 1, 0, 0, NULL, NULL, 1),
(2093, 16, NULL, 3121410010, 1, 0, 0, NULL, NULL, 1),
(2094, 16, NULL, 3121410011, 1, 0, 0, NULL, NULL, 1),
(2095, 16, NULL, 3121410012, 1, 0, 0, NULL, NULL, 1),
(2096, 16, NULL, 3121410013, 1, 0, 0, NULL, NULL, 1),
(2097, 16, NULL, 3121410014, 1, 0, 0, NULL, NULL, 1),
(2098, 16, NULL, 3121410015, 1, 0, 0, NULL, NULL, 1),
(2099, 16, NULL, 3121410016, 1, 0, 0, NULL, NULL, 1),
(2100, 16, NULL, 3121410017, 1, 0, 0, NULL, NULL, 1),
(2101, 16, NULL, 3121410018, 1, 0, 0, NULL, NULL, 1),
(2102, 16, NULL, 3121410019, 1, 0, 0, NULL, NULL, 1),
(2103, 16, NULL, 3121410020, 1, 0, 0, NULL, NULL, 1),
(2104, 16, NULL, 3121410021, 1, 0, 0, NULL, NULL, 1),
(2105, 16, NULL, 3121410022, 1, 0, 0, NULL, NULL, 1),
(2106, 16, NULL, 3121410023, 1, 0, 0, NULL, NULL, 1),
(2107, 16, NULL, 3121410024, 1, 0, 0, NULL, NULL, 1),
(2108, 16, NULL, 3121410025, 1, 0, 0, NULL, NULL, 1),
(2109, 16, NULL, 3121410026, 1, 0, 0, NULL, NULL, 1),
(2110, 16, NULL, 3121410027, 2, 0, 0, NULL, NULL, 1),
(2111, 16, NULL, 3121410028, 2, 0, 0, NULL, NULL, 1),
(2112, 16, NULL, 3121410029, 2, 0, 0, NULL, NULL, 1),
(2113, 16, NULL, 3121410030, 2, 0, 0, NULL, NULL, 1),
(2114, 16, NULL, 3121410031, 2, 0, 0, NULL, NULL, 1),
(2115, 16, NULL, 3121410032, 2, 0, 0, NULL, NULL, 1),
(2116, 16, NULL, 3121410033, 2, 0, 0, NULL, NULL, 1),
(2117, 16, NULL, 3121410034, 2, 0, 0, NULL, NULL, 1),
(2118, 16, NULL, 3121410035, 2, 0, 0, NULL, NULL, 1),
(2119, 16, NULL, 3121410036, 2, 0, 0, NULL, NULL, 1),
(2120, 16, NULL, 3121410037, 2, 0, 0, NULL, NULL, 1),
(2121, 16, NULL, 3121410038, 2, 0, 0, NULL, NULL, 1),
(2122, 16, NULL, 3121410039, 2, 0, 0, NULL, NULL, 1),
(2123, 16, NULL, 3121410040, 2, 0, 0, NULL, NULL, 1),
(2124, 16, NULL, 3121410041, 2, 0, 0, NULL, NULL, 1),
(2125, 16, NULL, 3121410042, 2, 0, 0, NULL, NULL, 1),
(2126, 16, NULL, 3121410043, 2, 0, 0, NULL, NULL, 1),
(2127, 16, NULL, 3121410044, 2, 0, 0, NULL, NULL, 1),
(2128, 16, NULL, 3121410045, 2, 0, 0, NULL, NULL, 1),
(2129, 16, NULL, 3121410046, 2, 0, 0, NULL, NULL, 1),
(2130, 16, NULL, 3121410047, 2, 0, 0, NULL, NULL, 1),
(2131, 16, NULL, 3121410048, 2, 0, 0, NULL, NULL, 1),
(2132, 16, NULL, 3121410049, 2, 0, 0, NULL, NULL, 1),
(2133, 16, NULL, 3121410050, 2, 0, 0, NULL, NULL, 1),
(2134, 16, NULL, 3121410051, 2, 0, 0, NULL, NULL, 1),
(2135, 16, NULL, 3121410052, 2, 0, 0, NULL, NULL, 1),
(2136, 16, NULL, 3121410053, 2, 0, 0, NULL, NULL, 1),
(2137, 16, NULL, 3121410054, 4, 0, 0, NULL, NULL, 1),
(2138, 16, NULL, 3121410055, 4, 0, 0, NULL, NULL, 1),
(2139, 16, NULL, 3121410056, 4, 0, 0, NULL, NULL, 1),
(2140, 16, NULL, 3121410057, 4, 0, 0, NULL, NULL, 1),
(2141, 16, NULL, 3121410058, 4, 0, 0, NULL, NULL, 1),
(2142, 16, NULL, 3121410059, 4, 0, 0, NULL, NULL, 1),
(2143, 16, NULL, 3121410060, 4, 0, 0, NULL, NULL, 1),
(2144, 16, NULL, 3121410061, 4, 0, 0, NULL, NULL, 1),
(2145, 16, NULL, 3121410062, 4, 0, 0, NULL, NULL, 1),
(2146, 16, NULL, 3121410063, 4, 0, 0, NULL, NULL, 1),
(2147, 16, NULL, 3121410064, 4, 0, 0, NULL, NULL, 1),
(2148, 16, NULL, 3121410065, 4, 0, 0, NULL, NULL, 1),
(2149, 16, NULL, 3121410066, 4, 0, 0, NULL, NULL, 1),
(2150, 16, NULL, 3121410067, 4, 0, 0, NULL, NULL, 1),
(2151, 16, NULL, 3121410068, 4, 0, 0, NULL, NULL, 1),
(2152, 16, NULL, 3121410069, 4, 0, 0, NULL, NULL, 1),
(2153, 16, NULL, 3121410070, 4, 0, 0, NULL, NULL, 1),
(2154, 16, NULL, 3121410071, 4, 0, 0, NULL, NULL, 1),
(2155, 16, NULL, 3121410072, 4, 0, 0, NULL, NULL, 1),
(2156, 16, NULL, 3121410073, 4, 0, 0, NULL, NULL, 1),
(2157, 16, NULL, 3121410074, 4, 0, 0, NULL, NULL, 1),
(2158, 16, NULL, 3121410075, 4, 0, 0, NULL, NULL, 1),
(2159, 16, NULL, 3121410076, 4, 0, 0, NULL, NULL, 1),
(2160, 16, NULL, 3121410077, 4, 0, 0, NULL, NULL, 1),
(2161, 16, NULL, 3121410078, 4, 0, 0, NULL, NULL, 1),
(2162, 16, NULL, 3121410079, 4, 0, 0, NULL, NULL, 1),
(2163, 16, NULL, 3121410080, 4, 0, 0, NULL, NULL, 1),
(2164, 16, NULL, 3121410081, 4, 0, 0, NULL, NULL, 1),
(2165, 16, NULL, 3121410082, 4, 0, 0, NULL, NULL, 1),
(2166, 16, NULL, 3121410083, 4, 0, 0, NULL, NULL, 1),
(2167, 16, NULL, 3121410084, 4, 0, 0, NULL, NULL, 1),
(2168, 16, NULL, 3121410085, 17, 0, 0, NULL, NULL, 1),
(2169, 16, NULL, 3121410086, 17, 0, 0, NULL, NULL, 1),
(2170, 16, NULL, 3121410087, 17, 0, 0, NULL, NULL, 1),
(2171, 16, NULL, 3121410088, 17, 0, 0, NULL, NULL, 1),
(2172, 16, NULL, 3121410089, 17, 0, 0, NULL, NULL, 1),
(2173, 16, NULL, 3121410090, 17, 0, 0, NULL, NULL, 1),
(2174, 16, NULL, 3121410091, 17, 0, 0, NULL, NULL, 1),
(2175, 16, NULL, 3121410092, 17, 0, 0, NULL, NULL, 1),
(2176, 16, NULL, 3121410093, 17, 0, 0, NULL, NULL, 1),
(2177, 16, NULL, 3121410094, 17, 0, 0, NULL, NULL, 1),
(2178, 16, NULL, 3121410095, 17, 0, 0, NULL, NULL, 1),
(2179, 16, NULL, 3121410096, 17, 0, 0, NULL, NULL, 1),
(2180, 16, NULL, 3121410097, 17, 0, 0, NULL, NULL, 1),
(2181, 16, NULL, 3121410098, 17, 0, 0, NULL, NULL, 1),
(2182, 16, NULL, 3121410099, 17, 0, 0, NULL, NULL, 1),
(2183, 16, NULL, 3121410100, 17, 0, 0, NULL, NULL, 1),
(2184, 16, NULL, 3121410101, 17, 0, 0, NULL, NULL, 1),
(2185, 16, NULL, 3121410102, 17, 0, 0, NULL, NULL, 1),
(2186, 16, NULL, 3121410103, 17, 0, 0, NULL, NULL, 1),
(2187, 16, NULL, 3121410104, 17, 0, 0, NULL, NULL, 1),
(2188, 16, NULL, 3121410105, 17, 0, 0, NULL, NULL, 1),
(2189, 16, NULL, 3121410106, 17, 0, 0, NULL, NULL, 1),
(2190, 16, NULL, 3121410107, 17, 0, 0, NULL, NULL, 1),
(2191, 16, NULL, 3121410108, 17, 0, 0, NULL, NULL, 1),
(2192, 16, NULL, 3121410109, 17, 0, 0, NULL, NULL, 1),
(2193, 16, NULL, 3121410110, 17, 0, 0, NULL, NULL, 1),
(2194, 16, NULL, 3121410111, 17, 0, 0, NULL, NULL, 1),
(2195, 16, NULL, 3121410112, 17, 0, 0, NULL, NULL, 1),
(2196, 16, NULL, 3121410113, 17, 0, 0, NULL, NULL, 1),
(2197, 16, NULL, 3121410114, 17, 0, 0, NULL, NULL, 1),
(2198, 16, NULL, 3121410115, 17, 0, 0, NULL, NULL, 1),
(2199, 16, NULL, 3121410116, 17, 0, 0, NULL, NULL, 1),
(2200, 16, NULL, 3121410117, 1, 0, 0, NULL, NULL, 1),
(2201, 16, NULL, 3121410118, 1, 0, 0, NULL, NULL, 1),
(2202, 16, NULL, 3121410119, 1, 0, 0, NULL, NULL, 1),
(2203, 16, NULL, 3121410120, 1, 0, 0, NULL, NULL, 1),
(2204, 16, NULL, 3121410121, 1, 0, 0, NULL, NULL, 1),
(2205, 16, NULL, 3121410122, 1, 0, 0, NULL, NULL, 1),
(2206, 16, NULL, 3121410123, 1, 0, 0, NULL, NULL, 1),
(2207, 16, NULL, 3121410124, 1, 0, 0, NULL, NULL, 1),
(2208, 16, NULL, 3121410125, 1, 0, 0, NULL, NULL, 1),
(2209, 16, NULL, 3121410126, 1, 0, 0, NULL, NULL, 1),
(2210, 16, NULL, 3121410127, 1, 0, 0, NULL, NULL, 1),
(2211, 16, NULL, 3121410128, 1, 0, 0, NULL, NULL, 1),
(2212, 16, NULL, 3121410129, 1, 0, 0, NULL, NULL, 1),
(2213, 16, NULL, 3121410130, 1, 0, 0, NULL, NULL, 1),
(2214, 16, NULL, 3121410131, 1, 0, 0, NULL, NULL, 1),
(2215, 16, NULL, 3121410132, 1, 0, 0, NULL, NULL, 1),
(2216, 16, NULL, 3121410133, 1, 0, 0, NULL, NULL, 1),
(2217, 16, NULL, 3121410134, 1, 0, 0, NULL, NULL, 1),
(2218, 16, NULL, 3121410135, 1, 0, 0, NULL, NULL, 1),
(2219, 16, NULL, 3121410136, 1, 0, 0, NULL, NULL, 1),
(2220, 16, NULL, 3121410137, 1, 0, 0, NULL, NULL, 1),
(2221, 16, NULL, 3121410138, 1, 0, 0, NULL, NULL, 1),
(2222, 16, NULL, 3121410139, 1, 0, 0, NULL, NULL, 1),
(2223, 16, NULL, 3121410140, 1, 0, 0, NULL, NULL, 1),
(2224, 16, NULL, 3121410141, 1, 0, 0, NULL, NULL, 1),
(2225, 16, NULL, 3121410142, 1, 0, 0, NULL, NULL, 1),
(2226, 16, NULL, 3121410143, 1, 0, 0, NULL, NULL, 1),
(2227, 16, NULL, 3121410144, 2, 0, 0, NULL, NULL, 1),
(2228, 16, NULL, 3121410145, 2, 0, 0, NULL, NULL, 1),
(2229, 16, NULL, 3121410146, 2, 0, 0, NULL, NULL, 1),
(2230, 16, NULL, 3121410147, 2, 0, 0, NULL, NULL, 1),
(2231, 16, NULL, 3121410148, 2, 0, 0, NULL, NULL, 1),
(2232, 16, NULL, 3121410149, 2, 0, 0, NULL, NULL, 1),
(2233, 16, NULL, 3121410150, 2, 0, 0, NULL, NULL, 1),
(2234, 16, NULL, 3121410151, 2, 0, 0, NULL, NULL, 1),
(2235, 16, NULL, 3121410152, 2, 0, 0, NULL, NULL, 1),
(2236, 16, NULL, 3121410153, 2, 0, 0, NULL, NULL, 1),
(2237, 16, NULL, 3121410154, 2, 0, 0, NULL, NULL, 1),
(2238, 16, NULL, 3121410155, 2, 0, 0, NULL, NULL, 1),
(2239, 16, NULL, 3121410156, 2, 0, 0, NULL, NULL, 1),
(2240, 16, NULL, 3121410157, 2, 0, 0, NULL, NULL, 1),
(2241, 16, NULL, 3121410158, 2, 0, 0, NULL, NULL, 1),
(2242, 16, NULL, 3121410159, 2, 0, 0, NULL, NULL, 1),
(2243, 16, NULL, 3121410160, 2, 0, 0, NULL, NULL, 1),
(2244, 16, NULL, 3121410161, 2, 0, 0, NULL, NULL, 1),
(2245, 16, NULL, 3121410162, 2, 0, 0, NULL, NULL, 1),
(2246, 16, NULL, 3121410163, 2, 0, 0, NULL, NULL, 1),
(2247, 16, NULL, 3121410164, 2, 0, 0, NULL, NULL, 1),
(2248, 16, NULL, 3121410165, 2, 0, 0, NULL, NULL, 1),
(2249, 16, NULL, 3121410166, 2, 0, 0, NULL, NULL, 1),
(2250, 16, NULL, 3121410167, 2, 0, 0, NULL, NULL, 1),
(2251, 16, NULL, 3121410168, 2, 0, 0, NULL, NULL, 1),
(2252, 16, NULL, 3121410169, 2, 0, 0, NULL, NULL, 1),
(2253, 16, NULL, 3121410170, 2, 0, 0, NULL, NULL, 1),
(2254, 16, NULL, 3121410171, 4, 0, 0, NULL, NULL, 1),
(2255, 16, NULL, 3121410172, 4, 0, 0, NULL, NULL, 1),
(2256, 16, NULL, 3121410173, 4, 0, 0, NULL, NULL, 1),
(2257, 16, NULL, 3121410174, 4, 0, 0, NULL, NULL, 1),
(2258, 16, NULL, 3121410175, 4, 0, 0, NULL, NULL, 1),
(2259, 16, NULL, 3121410176, 4, 0, 0, NULL, NULL, 1),
(2260, 16, NULL, 3121410177, 4, 0, 0, NULL, NULL, 1),
(2261, 16, NULL, 3121410178, 4, 0, 0, NULL, NULL, 1),
(2262, 16, NULL, 3121410179, 4, 0, 0, NULL, NULL, 1),
(2263, 16, NULL, 3121410180, 4, 0, 0, NULL, NULL, 1),
(2264, 16, NULL, 3121410181, 4, 0, 0, NULL, NULL, 1),
(2265, 16, NULL, 3121410182, 4, 0, 0, NULL, NULL, 1),
(2266, 16, NULL, 3121410183, 4, 0, 0, NULL, NULL, 1),
(2267, 16, NULL, 3121410184, 4, 0, 0, NULL, NULL, 1),
(2268, 16, NULL, 3121410185, 4, 0, 0, NULL, NULL, 1),
(2269, 16, NULL, 3121410186, 4, 0, 0, NULL, NULL, 1),
(2270, 16, NULL, 3121410187, 4, 0, 0, NULL, NULL, 1),
(2271, 16, NULL, 3121410188, 4, 0, 0, NULL, NULL, 1),
(2272, 16, NULL, 3121410189, 4, 0, 0, NULL, NULL, 1),
(2273, 16, NULL, 3121410190, 4, 0, 0, NULL, NULL, 1),
(2274, 16, NULL, 3121410191, 4, 0, 0, NULL, NULL, 1),
(2275, 16, NULL, 3121410192, 4, 0, 0, NULL, NULL, 1),
(2276, 16, NULL, 3121410193, 4, 0, 0, NULL, NULL, 1),
(2277, 16, NULL, 3121410194, 4, 0, 0, NULL, NULL, 1),
(2278, 16, NULL, 3121410195, 4, 0, 0, NULL, NULL, 1),
(2279, 16, NULL, 3121410196, 4, 0, 0, NULL, NULL, 1),
(2280, 16, NULL, 3121410197, 4, 0, 0, NULL, NULL, 1),
(2281, 16, NULL, 3121410198, 4, 0, 0, NULL, NULL, 1),
(2282, 16, NULL, 3121410199, 4, 0, 0, NULL, NULL, 1),
(2283, 16, NULL, 3121410200, 4, 0, 0, NULL, NULL, 1),
(2284, 16, NULL, 3121410201, 4, 0, 0, NULL, NULL, 1),
(2285, 16, NULL, 3121410202, 17, 0, 0, NULL, NULL, 1),
(2286, 16, NULL, 3121410203, 17, 0, 0, NULL, NULL, 1),
(2287, 16, NULL, 3121410204, 17, 0, 0, NULL, NULL, 1),
(2288, 16, NULL, 3121410205, 17, 0, 0, NULL, NULL, 1),
(2289, 16, NULL, 3121410206, 17, 0, 0, NULL, NULL, 1),
(2290, 16, NULL, 3121410207, 17, 0, 0, NULL, NULL, 1),
(2291, 16, NULL, 3121410208, 17, 0, 0, NULL, NULL, 1),
(2292, 16, NULL, 3121410209, 17, 0, 0, NULL, NULL, 1),
(2293, 16, NULL, 3121410210, 17, 0, 0, NULL, NULL, 1),
(2294, 16, NULL, 3121410211, 17, 0, 0, NULL, NULL, 1),
(2338, 17, NULL, 3121410000, NULL, 1, 0, NULL, NULL, 1),
(2339, 17, NULL, 3121410001, NULL, 1, 0, NULL, NULL, 1),
(2340, 17, NULL, 3121410002, NULL, 1, 0, NULL, NULL, 1),
(2341, 17, NULL, 3121410003, NULL, 1, 0, NULL, NULL, 1),
(2342, 17, NULL, 3121410004, NULL, 1, 0, NULL, NULL, 1),
(2343, 17, NULL, 3121410005, NULL, 1, 0, NULL, NULL, 1),
(2344, 17, NULL, 3121410006, NULL, 1, 0, NULL, NULL, 1),
(2345, 17, NULL, 3121410007, NULL, 1, 0, NULL, NULL, 1),
(2346, 17, NULL, 3121410008, NULL, 1, 0, NULL, NULL, 1),
(2347, 17, NULL, 3121410009, NULL, 1, 0, NULL, NULL, 1),
(2348, 17, NULL, 3121410010, NULL, 1, 0, NULL, NULL, 1),
(2349, 17, NULL, 3121410011, NULL, 1, 0, NULL, NULL, 1),
(2350, 17, NULL, 3121410012, NULL, 1, 0, NULL, NULL, 1),
(2351, 17, NULL, 3121410013, NULL, 1, 0, NULL, NULL, 1),
(2352, 17, NULL, 3121410014, NULL, 1, 0, NULL, NULL, 1),
(2353, 17, NULL, 3121410015, NULL, 1, 0, NULL, NULL, 1),
(2354, 17, NULL, 3121410016, NULL, 1, 0, NULL, NULL, 1),
(2355, 17, NULL, 3121410017, NULL, 1, 0, NULL, NULL, 1),
(2356, 17, NULL, 3121410018, NULL, 1, 0, NULL, NULL, 1),
(2357, 17, NULL, 3121410019, NULL, 1, 0, NULL, NULL, 1),
(2358, 17, NULL, 3121410020, NULL, 1, 0, NULL, NULL, 1),
(2359, 17, NULL, 3121410021, NULL, 1, 0, NULL, NULL, 1),
(2360, 17, NULL, 3121410022, NULL, 1, 0, NULL, NULL, 1),
(2361, 17, NULL, 3121410023, NULL, 1, 0, NULL, NULL, 1),
(2362, 17, NULL, 3121410024, NULL, 1, 0, NULL, NULL, 1),
(2363, 17, NULL, 3121410025, NULL, 1, 0, NULL, NULL, 1),
(2364, 17, NULL, 3121410026, NULL, 1, 0, NULL, NULL, 1),
(2365, 17, NULL, 3121410027, NULL, 1, 0, NULL, NULL, 1),
(2366, 17, NULL, 3121410028, NULL, 1, 0, NULL, NULL, 1),
(2367, 17, NULL, 3121410029, NULL, 1, 0, NULL, NULL, 1),
(2368, 17, NULL, 3121410030, NULL, 1, 0, NULL, NULL, 1),
(2369, 17, NULL, 3121410031, NULL, 1, 0, NULL, NULL, 1),
(2370, 17, NULL, 3121410032, NULL, 1, 0, NULL, NULL, 1),
(2371, 17, NULL, 3121410033, NULL, 1, 0, NULL, NULL, 1),
(2372, 17, NULL, 3121410034, NULL, 1, 0, NULL, NULL, 1),
(2373, 17, NULL, 3121410035, NULL, 1, 0, NULL, NULL, 1),
(2374, 17, NULL, 3121410036, NULL, 1, 0, NULL, NULL, 1),
(2375, 17, NULL, 3121410037, NULL, 1, 0, NULL, NULL, 1),
(2376, 17, NULL, 3121410038, NULL, 1, 0, NULL, NULL, 1),
(2377, 17, NULL, 3121410039, NULL, 1, 0, NULL, NULL, 1),
(2378, 17, NULL, 3121410040, NULL, 1, 0, NULL, NULL, 1),
(2379, 17, NULL, 3121410041, NULL, 1, 0, NULL, NULL, 1),
(2380, 17, NULL, 3121410042, NULL, 1, 0, NULL, NULL, 1),
(2381, 17, NULL, 3121410043, NULL, 1, 0, NULL, NULL, 1),
(2382, 17, NULL, 3121410044, NULL, 1, 0, NULL, NULL, 1),
(2383, 17, NULL, 3121410045, NULL, 1, 0, NULL, NULL, 1),
(2384, 17, NULL, 3121410046, NULL, 1, 0, NULL, NULL, 1),
(2385, 17, NULL, 3121410047, NULL, 1, 0, NULL, NULL, 1),
(2386, 17, NULL, 3121410048, NULL, 1, 0, NULL, NULL, 1),
(2387, 17, NULL, 3121410049, NULL, 1, 0, NULL, NULL, 1),
(2388, 17, NULL, 3121410050, NULL, 1, 0, NULL, NULL, 1),
(2389, 17, NULL, 3121410051, NULL, 1, 0, NULL, NULL, 1),
(2390, 17, NULL, 3121410052, NULL, 1, 0, NULL, NULL, 1),
(2391, 17, NULL, 3121410053, NULL, 1, 0, NULL, NULL, 1),
(2392, 17, NULL, 3121410054, NULL, 1, 0, NULL, NULL, 1),
(2393, 17, NULL, 3121410055, NULL, 1, 0, NULL, NULL, 1),
(2394, 17, NULL, 3121410056, NULL, 1, 0, NULL, NULL, 1),
(2395, 17, NULL, 3121410057, NULL, 1, 0, NULL, NULL, 1),
(2396, 17, NULL, 3121410058, NULL, 1, 0, NULL, NULL, 1),
(2397, 17, NULL, 3121410059, NULL, 1, 0, NULL, NULL, 1),
(2398, 17, NULL, 3121410060, NULL, 1, 0, NULL, NULL, 1),
(2399, 17, NULL, 3121410061, NULL, 1, 0, NULL, NULL, 1),
(2400, 17, NULL, 3121410062, NULL, 1, 0, NULL, NULL, 1),
(2401, 17, NULL, 3121410063, NULL, 1, 0, NULL, NULL, 1),
(2402, 17, NULL, 3121410064, NULL, 1, 0, NULL, NULL, 1),
(2403, 17, NULL, 3121410065, NULL, 1, 0, NULL, NULL, 1),
(2404, 17, NULL, 3121410066, NULL, 1, 0, NULL, NULL, 1),
(2405, 17, NULL, 3121410067, NULL, 1, 0, NULL, NULL, 1),
(2406, 17, NULL, 3121410068, NULL, 1, 0, NULL, NULL, 1),
(2407, 17, NULL, 3121410069, NULL, 1, 0, NULL, NULL, 1),
(2408, 17, NULL, 3121410070, NULL, 1, 0, NULL, NULL, 1),
(2409, 17, NULL, 3121410071, NULL, 1, 0, NULL, NULL, 1),
(2410, 17, NULL, 3121410072, NULL, 1, 0, NULL, NULL, 1),
(2411, 17, NULL, 3121410073, NULL, 1, 0, NULL, NULL, 1),
(2412, 17, NULL, 3121410074, NULL, 1, 0, NULL, NULL, 1),
(2413, 17, NULL, 3121410075, NULL, 1, 0, NULL, NULL, 1),
(2414, 17, NULL, 3121410076, NULL, 1, 0, NULL, NULL, 1),
(2415, 17, NULL, 3121410077, NULL, 1, 0, NULL, NULL, 1),
(2416, 17, NULL, 3121410078, NULL, 1, 0, NULL, NULL, 1),
(2417, 17, NULL, 3121410079, NULL, 1, 0, NULL, NULL, 1),
(2418, 17, NULL, 3121410080, NULL, 1, 0, NULL, NULL, 1),
(2419, 17, NULL, 3121410081, NULL, 1, 0, NULL, NULL, 1),
(2420, 17, NULL, 3121410082, NULL, 1, 0, NULL, NULL, 1),
(2421, 17, NULL, 3121410083, NULL, 1, 0, NULL, NULL, 1),
(2422, 17, NULL, 3121410084, NULL, 1, 0, NULL, NULL, 1),
(2423, 17, NULL, 3121410085, NULL, 1, 0, NULL, NULL, 1),
(2424, 17, NULL, 3121410086, NULL, 1, 0, NULL, NULL, 1),
(2425, 17, NULL, 3121410087, NULL, 1, 0, NULL, NULL, 1),
(2426, 17, NULL, 3121410088, NULL, 1, 0, NULL, NULL, 1),
(2427, 17, NULL, 3121410089, NULL, 1, 0, NULL, NULL, 1),
(2428, 17, NULL, 3121410090, NULL, 1, 0, NULL, NULL, 1),
(2429, 17, NULL, 3121410091, NULL, 1, 0, NULL, NULL, 1),
(2430, 17, NULL, 3121410092, NULL, 1, 0, NULL, NULL, 1),
(2431, 17, NULL, 3121410093, NULL, 1, 0, NULL, NULL, 1),
(2432, 17, NULL, 3121410094, NULL, 1, 0, NULL, NULL, 1),
(2433, 17, NULL, 3121410095, NULL, 1, 0, NULL, NULL, 1),
(2434, 17, NULL, 3121410096, NULL, 1, 0, NULL, NULL, 1),
(2435, 17, NULL, 3121410097, NULL, 1, 0, NULL, NULL, 1),
(2436, 17, NULL, 3121410098, NULL, 1, 0, NULL, NULL, 1),
(2437, 17, NULL, 3121410099, NULL, 1, 0, NULL, NULL, 1),
(2438, 17, NULL, 3121410100, NULL, 1, 0, NULL, NULL, 1),
(2439, 17, NULL, 3121410101, NULL, 1, 0, NULL, NULL, 1),
(2440, 17, NULL, 3121410102, NULL, 1, 0, NULL, NULL, 1),
(2441, 17, NULL, 3121410103, NULL, 1, 0, NULL, NULL, 1),
(2442, 17, NULL, 3121410104, NULL, 1, 0, NULL, NULL, 1),
(2443, 17, NULL, 3121410105, NULL, 1, 0, NULL, NULL, 1),
(2444, 17, NULL, 3121410106, NULL, 1, 0, NULL, NULL, 1),
(2445, 17, NULL, 3121410107, NULL, 1, 0, NULL, NULL, 1),
(2446, 17, NULL, 3121410108, NULL, 1, 0, NULL, NULL, 1),
(2447, 17, NULL, 3121410109, NULL, 1, 0, NULL, NULL, 1),
(2448, 17, NULL, 3121410110, NULL, 1, 0, NULL, NULL, 1),
(2449, 17, NULL, 3121410111, NULL, 1, 0, NULL, NULL, 1),
(2450, 17, NULL, 3121410112, NULL, 1, 0, NULL, NULL, 1),
(2451, 17, NULL, 3121410113, NULL, 1, 0, NULL, NULL, 1),
(2452, 17, NULL, 3121410114, NULL, 1, 0, NULL, NULL, 1),
(2453, 17, NULL, 3121410115, NULL, 1, 0, NULL, NULL, 1),
(2454, 17, NULL, 3121410116, NULL, 1, 0, NULL, NULL, 1),
(2455, 17, NULL, 3121410117, NULL, 1, 0, NULL, NULL, 1),
(2456, 17, NULL, 3121410118, NULL, 1, 0, NULL, NULL, 1),
(2457, 17, NULL, 3121410119, NULL, 1, 0, NULL, NULL, 1),
(2458, 17, NULL, 3121410120, NULL, 1, 0, NULL, NULL, 1),
(2459, 17, NULL, 3121410121, NULL, 1, 0, NULL, NULL, 1),
(2460, 17, NULL, 3121410122, NULL, 1, 0, NULL, NULL, 1),
(2461, 17, NULL, 3121410123, NULL, 1, 0, NULL, NULL, 1),
(2462, 17, NULL, 3121410124, NULL, 1, 0, NULL, NULL, 1),
(2463, 17, NULL, 3121410125, NULL, 1, 0, NULL, NULL, 1),
(2464, 17, NULL, 3121410126, NULL, 1, 0, NULL, NULL, 1),
(2465, 17, NULL, 3121410127, NULL, 1, 0, NULL, NULL, 1),
(2466, 17, NULL, 3121410128, NULL, 1, 0, NULL, NULL, 1),
(2467, 17, NULL, 3121410129, NULL, 1, 0, NULL, NULL, 1),
(2468, 17, NULL, 3121410130, NULL, 1, 0, NULL, NULL, 1),
(2469, 17, NULL, 3121410131, NULL, 1, 0, NULL, NULL, 1),
(2470, 17, NULL, 3121410132, NULL, 1, 0, NULL, NULL, 1),
(2471, 17, NULL, 3121410133, NULL, 1, 0, NULL, NULL, 1),
(2472, 17, NULL, 3121410134, NULL, 1, 0, NULL, NULL, 1),
(2473, 17, NULL, 3121410135, NULL, 1, 0, NULL, NULL, 1),
(2474, 17, NULL, 3121410136, NULL, 1, 0, NULL, NULL, 1),
(2475, 17, NULL, 3121410137, NULL, 1, 0, NULL, NULL, 1),
(2476, 17, NULL, 3121410138, NULL, 1, 0, NULL, NULL, 1),
(2477, 17, NULL, 3121410139, NULL, 1, 0, NULL, NULL, 1),
(2478, 17, NULL, 3121410140, NULL, 1, 0, NULL, NULL, 1),
(2479, 17, NULL, 3121410141, NULL, 1, 0, NULL, NULL, 1),
(2480, 17, NULL, 3121410142, NULL, 1, 0, NULL, NULL, 1),
(2481, 17, NULL, 3121410143, NULL, 1, 0, NULL, NULL, 1),
(2482, 17, NULL, 3121410144, NULL, 1, 0, NULL, NULL, 1),
(2483, 17, NULL, 3121410145, NULL, 1, 0, NULL, NULL, 1),
(2484, 17, NULL, 3121410146, NULL, 1, 0, NULL, NULL, 1),
(2485, 17, NULL, 3121410147, NULL, 1, 0, NULL, NULL, 1),
(2486, 17, NULL, 3121410148, NULL, 1, 0, NULL, NULL, 1),
(2487, 17, NULL, 3121410149, NULL, 1, 0, NULL, NULL, 1),
(2488, 17, NULL, 3121410150, NULL, 1, 0, NULL, NULL, 1),
(2489, 17, NULL, 3121410151, NULL, 1, 0, NULL, NULL, 1),
(2490, 17, NULL, 3121410152, NULL, 1, 0, NULL, NULL, 1),
(2491, 17, NULL, 3121410153, NULL, 1, 0, NULL, NULL, 1),
(2492, 17, NULL, 3121410154, NULL, 1, 0, NULL, NULL, 1),
(2493, 17, NULL, 3121410155, NULL, 1, 0, NULL, NULL, 1),
(2494, 17, NULL, 3121410156, NULL, 1, 0, NULL, NULL, 1),
(2495, 17, NULL, 3121410157, NULL, 1, 0, NULL, NULL, 1),
(2496, 17, NULL, 3121410158, NULL, 1, 0, NULL, NULL, 1),
(2497, 17, NULL, 3121410159, NULL, 1, 0, NULL, NULL, 1),
(2498, 17, NULL, 3121410160, NULL, 1, 0, NULL, NULL, 1),
(2499, 17, NULL, 3121410161, NULL, 1, 0, NULL, NULL, 1),
(2500, 17, NULL, 3121410162, NULL, 1, 0, NULL, NULL, 1),
(2501, 17, NULL, 3121410163, NULL, 1, 0, NULL, NULL, 1),
(2502, 17, NULL, 3121410164, NULL, 1, 0, NULL, NULL, 1),
(2503, 17, NULL, 3121410165, NULL, 1, 0, NULL, NULL, 1),
(2504, 17, NULL, 3121410166, NULL, 1, 0, NULL, NULL, 1),
(2505, 17, NULL, 3121410167, NULL, 1, 0, NULL, NULL, 1),
(2506, 17, NULL, 3121410168, NULL, 1, 0, NULL, NULL, 1),
(2507, 17, NULL, 3121410169, NULL, 1, 0, NULL, NULL, 1),
(2508, 17, NULL, 3121410170, NULL, 1, 0, NULL, NULL, 1),
(2509, 17, NULL, 3121410171, NULL, 1, 0, NULL, NULL, 1),
(2510, 17, NULL, 3121410172, NULL, 1, 0, NULL, NULL, 1),
(2511, 17, NULL, 3121410173, NULL, 1, 0, NULL, NULL, 1),
(2512, 17, NULL, 3121410174, NULL, 1, 0, NULL, NULL, 1),
(2513, 17, NULL, 3121410175, NULL, 1, 0, NULL, NULL, 1),
(2514, 17, NULL, 3121410176, NULL, 1, 0, NULL, NULL, 1),
(2515, 17, NULL, 3121410177, NULL, 1, 0, NULL, NULL, 1),
(2516, 17, NULL, 3121410178, NULL, 1, 0, NULL, NULL, 1),
(2517, 17, NULL, 3121410179, NULL, 1, 0, NULL, NULL, 1),
(2518, 17, NULL, 3121410180, NULL, 1, 0, NULL, NULL, 1),
(2519, 17, NULL, 3121410181, NULL, 1, 0, NULL, NULL, 1),
(2520, 17, NULL, 3121410182, NULL, 1, 0, NULL, NULL, 1),
(2521, 17, NULL, 3121410183, NULL, 1, 0, NULL, NULL, 1),
(2522, 17, NULL, 3121410184, NULL, 1, 0, NULL, NULL, 1),
(2523, 17, NULL, 3121410185, NULL, 1, 0, NULL, NULL, 1),
(2524, 17, NULL, 3121410186, NULL, 1, 0, NULL, NULL, 1),
(2525, 17, NULL, 3121410187, NULL, 1, 0, NULL, NULL, 1),
(2526, 17, NULL, 3121410188, NULL, 1, 0, NULL, NULL, 1),
(2527, 17, NULL, 3121410189, NULL, 1, 0, NULL, NULL, 1),
(2528, 17, NULL, 3121410190, NULL, 1, 0, NULL, NULL, 1),
(2529, 17, NULL, 3121410191, NULL, 1, 0, NULL, NULL, 1),
(2530, 17, NULL, 3121410192, NULL, 1, 0, NULL, NULL, 1),
(2531, 17, NULL, 3121410193, NULL, 1, 0, NULL, NULL, 1),
(2532, 17, NULL, 3121410194, NULL, 1, 0, NULL, NULL, 1),
(2533, 17, NULL, 3121410195, NULL, 1, 0, NULL, NULL, 1),
(2534, 17, NULL, 3121410196, NULL, 1, 0, NULL, NULL, 1),
(2535, 17, NULL, 3121410197, NULL, 1, 0, NULL, NULL, 1),
(2536, 17, NULL, 3121410198, NULL, 1, 0, NULL, NULL, 1),
(2537, 17, NULL, 3121410199, NULL, 1, 0, NULL, NULL, 1),
(2538, 17, NULL, 3121410200, NULL, 1, 0, NULL, NULL, 1),
(2539, 17, NULL, 3121410201, NULL, 1, 0, NULL, NULL, 1),
(2540, 17, NULL, 3121410202, NULL, 1, 0, NULL, NULL, 1),
(2541, 17, NULL, 3121410203, NULL, 1, 0, NULL, NULL, 1),
(2542, 17, NULL, 3121410204, NULL, 1, 0, NULL, NULL, 1),
(2543, 17, NULL, 3121410205, NULL, 1, 0, NULL, NULL, 1),
(2544, 17, NULL, 3121410206, NULL, 1, 0, NULL, NULL, 1),
(2545, 17, NULL, 3121410207, NULL, 1, 0, NULL, NULL, 1),
(2546, 17, NULL, 3121410208, NULL, 1, 0, NULL, NULL, 1),
(2547, 17, NULL, 3121410209, NULL, 1, 0, NULL, NULL, 1),
(2548, 17, NULL, 3121410210, NULL, 1, 0, NULL, NULL, 1),
(2549, 17, NULL, 3121410211, NULL, 1, 0, NULL, NULL, 1);

-- --------------------------------------------------------

--
-- Cấu trúc bảng cho bảng `tieuchidanhgia`
--

CREATE TABLE `tieuchidanhgia` (
  `id` bigint(20) UNSIGNED NOT NULL,
  `name` varchar(255) NOT NULL,
  `diem_max` int(11) DEFAULT NULL,
  `parent_id` bigint(20) DEFAULT NULL,
  `created_at` timestamp NULL DEFAULT NULL,
  `updated_at` timestamp NULL DEFAULT NULL,
  `status` int(11) NOT NULL
) ENGINE=InnoDB DEFAULT CHARSET=utf8mb4 COLLATE=utf8mb4_unicode_ci;

--
-- Đang đổ dữ liệu cho bảng `tieuchidanhgia`
--

INSERT INTO `tieuchidanhgia` (`id`, `name`, `diem_max`, `parent_id`, `created_at`, `updated_at`, `status`) VALUES
(1, 'Đánh giá về ý thức và kết quả học tập', 20, NULL, NULL, NULL, 1),
(2, 'Đánh giá về ý thức và kết quả chấp hành quy chế, nội quy, quy định trong nhà trường', 25, NULL, NULL, NULL, 1),
(3, 'Đánh giá về ý thức và kết quả tham gia các hoạt động chính trị - xã hội, văn hóa, văn nghệ, thể thao, phòng chống các tệ nạn xã hội', 20, NULL, NULL, NULL, 1),
(4, 'Đánh giá ý thức công dân trong quan hệ cộng đồng', 25, NULL, NULL, NULL, 1),
(5, 'Đánh giá về ý thức và kết quả tham gia phụ trách lớp, các đoàn thể trong nhà trường', 10, NULL, NULL, NULL, 1),
(6, 'Kết quả học tập học kì được đánh giá', NULL, 1, NULL, NULL, 1),
(7, 'Tinh thần vượt khó trong học tập', NULL, 1, NULL, NULL, 1),
(8, 'Tham gia nghiên cứu khoa học (NKKH)', NULL, 1, NULL, NULL, 1),
(9, 'Tham gia rèn luyện nghiệp vụ (RLNV)', NULL, 1, NULL, NULL, 1),
(10, 'Tham gia các câu lạc bộ học thuật', NULL, 1, NULL, NULL, 1),
(11, 'Thành viên đội tuyển dự thi Olympic các môn học', NULL, 1, NULL, NULL, 1),
(12, 'Chấp hành tốt nội quy, quy chế của nhà trường', 15, 2, NULL, NULL, 1),
(13, 'Tham gia các hoạt động học tập tại Trung tâm học liệu', 5, 2, NULL, NULL, 1),
(14, 'Tham gia đầy đủ các buổi họp của trường, khoa, CVHT, lớp tổ chức', 10, 2, NULL, NULL, 1),
(15, 'Một lần vi phạm quy chế, quy định của trường (có biên bản xử lý)', -10, 2, NULL, NULL, 1),
(16, 'Vắng 01 buổi họp do trường, khoa, CVHT, lớp tổ chức không lý do', -5, 2, NULL, NULL, 1),
(17, 'Tham gia các hoạt động chính trị – xã hội do nhà trường quy định', NULL, 3, NULL, NULL, 1),
(18, 'Tham gia hoạt động văn hóa, văn nghệ, TDTT, phòng chống TNXH', 5, 3, NULL, NULL, 1),
(19, 'Tham gia trong đội tuyển văn nghệ, TDTT', NULL, 3, NULL, NULL, 1),
(20, 'Chấp hành tốt các chủ trương, chính sách, pháp luật của nhà nước', 10, 4, NULL, NULL, 1),
(21, 'Được biểu dương người tốt, việc tốt ở nhà trường hoặc ở địa phương (có giấy chứng nhận)', 5, 4, NULL, NULL, 1),
(22, 'Tham gia các hoạt động tình nguyện trung hạn: MHX, Tiếp sức mùa thi', 10, 4, NULL, NULL, 1),
(23, 'Tham gia các công tác xã hội và các hoạt động tình nguyện ngắn ngày (có xác nhận của đơn vị tổ chức)', 10, 4, NULL, NULL, 1),
(24, 'Có tinh thần chia sẻ, giúp đỡ người có khó khăn, hoạn nạn', 5, 4, NULL, NULL, 1),
(25, 'Tham gia hiến máu tình nguyện', 5, 4, NULL, NULL, 1),
(26, 'Tham gia hội thao GDQP –AN cấp quận, cấp TP', 5, 4, NULL, NULL, 1),
(27, 'Vi phạm ATGT, trật tự công cộng (có giấy báo gửi về trường)', -10, 4, NULL, NULL, 1),
(28, 'Lớp trưởng, BCH Đoàn trường, BCH Hội sinh viên trường', 10, 5, NULL, NULL, 1),
(29, 'Lớp phó, BCH Đoàn khoa, BCH LCH SV; BCH CĐ, BCH chi hội lớp', 8, 5, NULL, NULL, 1),
(30, 'Tổ trưởng (1 tổ tối thiểu 10 người)', 3, 5, NULL, NULL, 1),
(31, 'Đảng viên', 8, 5, NULL, NULL, 1),
(32, 'Đối tượng Đảng', 5, 5, NULL, NULL, 1),
(33, 'Đoàn viên TNCS Hồ Chí Minh', 3, 5, NULL, NULL, 1),
(34, 'Được Đoàn thanh niên, Hội sinh viên biểu dương, khen thưởng', NULL, 5, NULL, NULL, 1);

--
-- Chỉ mục cho các bảng đã đổ
--

--
-- Chỉ mục cho bảng `account`
--
ALTER TABLE `account`
  ADD PRIMARY KEY (`id`);

--
-- Chỉ mục cho bảng `chitietdotcham`
--
ALTER TABLE `chitietdotcham`
  ADD PRIMARY KEY (`id`),
  ADD KEY `chitiettieuchi_id` (`tieuchidanhgia_id`),
  ADD KEY `thongtindotchamdiem_id` (`thongtindotchamdiem_id`);

--
-- Chỉ mục cho bảng `chuthichtieuchi`
--
ALTER TABLE `chuthichtieuchi`
  ADD PRIMARY KEY (`id`),
  ADD KEY `tieuchidanhgia_id` (`tieuchidanhgia_id`);

--
-- Chỉ mục cho bảng `diemrenluyensinhvien`
--
ALTER TABLE `diemrenluyensinhvien`
  ADD PRIMARY KEY (`Id`),
  ADD KEY `SemesterId` (`hocki_id`),
  ADD KEY `sinhvienID` (`sinhvien_id`);

--
-- Chỉ mục cho bảng `dotchamdiem`
--
ALTER TABLE `dotchamdiem`
  ADD PRIMARY KEY (`id`),
  ADD KEY `semester_id` (`hocki_id`);

--
-- Chỉ mục cho bảng `giangvien`
--
ALTER TABLE `giangvien`
  ADD PRIMARY KEY (`id`),
  ADD KEY `fk_giangvien_khoa` (`khoa_id`);

--
-- Chỉ mục cho bảng `hehoc`
--
ALTER TABLE `hehoc`
  ADD PRIMARY KEY (`id`);

--
-- Chỉ mục cho bảng `hocky`
--
ALTER TABLE `hocky`
  ADD PRIMARY KEY (`Id`);

--
-- Chỉ mục cho bảng `khoa`
--
ALTER TABLE `khoa`
  ADD PRIMARY KEY (`id`);

--
-- Chỉ mục cho bảng `lop`
--
ALTER TABLE `lop`
  ADD PRIMARY KEY (`id`),
  ADD KEY `lops_khoa_id_foreign` (`khoa_id`),
  ADD KEY `covan_id` (`covan_id`);

--
-- Chỉ mục cho bảng `password_reset`
--
ALTER TABLE `password_reset`
  ADD PRIMARY KEY (`id`),
  ADD KEY `password_resets_email_index` (`email`);

--
-- Chỉ mục cho bảng `sinhvien`
--
ALTER TABLE `sinhvien`
  ADD PRIMARY KEY (`id`),
  ADD KEY `sinhviens_lop_id_foreign` (`lop_id`);

--
-- Chỉ mục cho bảng `thongtindotchamdiem`
--
ALTER TABLE `thongtindotchamdiem`
  ADD PRIMARY KEY (`id`),
  ADD KEY `dotchamdiem _id` (`dotchamdiem_id`),
  ADD KEY `nguoicham_id` (`covan_id`),
  ADD KEY `sinhvien_id` (`sinhvien_id`),
  ADD KEY `khoa_id` (`khoa_id`);

--
-- Chỉ mục cho bảng `tieuchidanhgia`
--
ALTER TABLE `tieuchidanhgia`
  ADD PRIMARY KEY (`id`);

--
-- AUTO_INCREMENT cho các bảng đã đổ
--

--
-- AUTO_INCREMENT cho bảng `account`
--
ALTER TABLE `account`
  MODIFY `id` bigint(20) UNSIGNED NOT NULL AUTO_INCREMENT, AUTO_INCREMENT=3124410314;

--
-- AUTO_INCREMENT cho bảng `chitietdotcham`
--
ALTER TABLE `chitietdotcham`
  MODIFY `id` bigint(20) UNSIGNED NOT NULL AUTO_INCREMENT, AUTO_INCREMENT=153;

--
-- AUTO_INCREMENT cho bảng `chuthichtieuchi`
--
ALTER TABLE `chuthichtieuchi`
  MODIFY `id` int(11) NOT NULL AUTO_INCREMENT, AUTO_INCREMENT=29;

--
-- AUTO_INCREMENT cho bảng `diemrenluyensinhvien`
--
ALTER TABLE `diemrenluyensinhvien`
  MODIFY `Id` int(11) NOT NULL AUTO_INCREMENT, AUTO_INCREMENT=14;

--
-- AUTO_INCREMENT cho bảng `dotchamdiem`
--
ALTER TABLE `dotchamdiem`
  MODIFY `id` int(11) NOT NULL AUTO_INCREMENT, AUTO_INCREMENT=18;

--
-- AUTO_INCREMENT cho bảng `giangvien`
--
ALTER TABLE `giangvien`
  MODIFY `id` bigint(20) UNSIGNED NOT NULL AUTO_INCREMENT, AUTO_INCREMENT=1000000190;

--
-- AUTO_INCREMENT cho bảng `hehoc`
--
ALTER TABLE `hehoc`
  MODIFY `id` int(11) NOT NULL AUTO_INCREMENT, AUTO_INCREMENT=8;

--
-- AUTO_INCREMENT cho bảng `hocky`
--
ALTER TABLE `hocky`
  MODIFY `Id` int(11) NOT NULL AUTO_INCREMENT, AUTO_INCREMENT=8;

--
-- AUTO_INCREMENT cho bảng `khoa`
--
ALTER TABLE `khoa`
  MODIFY `id` bigint(20) UNSIGNED NOT NULL AUTO_INCREMENT, AUTO_INCREMENT=20;

--
-- AUTO_INCREMENT cho bảng `lop`
--
ALTER TABLE `lop`
  MODIFY `id` bigint(20) UNSIGNED NOT NULL AUTO_INCREMENT, AUTO_INCREMENT=160;

--
-- AUTO_INCREMENT cho bảng `password_reset`
--
ALTER TABLE `password_reset`
  MODIFY `id` int(11) NOT NULL AUTO_INCREMENT, AUTO_INCREMENT=5;

--
-- AUTO_INCREMENT cho bảng `sinhvien`
--
ALTER TABLE `sinhvien`
  MODIFY `id` bigint(20) UNSIGNED NOT NULL AUTO_INCREMENT, AUTO_INCREMENT=3124410314;

--
-- AUTO_INCREMENT cho bảng `thongtindotchamdiem`
--
ALTER TABLE `thongtindotchamdiem`
  MODIFY `id` bigint(20) UNSIGNED NOT NULL AUTO_INCREMENT, AUTO_INCREMENT=2593;

--
-- AUTO_INCREMENT cho bảng `tieuchidanhgia`
--
ALTER TABLE `tieuchidanhgia`
  MODIFY `id` bigint(20) UNSIGNED NOT NULL AUTO_INCREMENT, AUTO_INCREMENT=63;

--
-- Các ràng buộc cho các bảng đã đổ
--

--
-- Các ràng buộc cho bảng `chitietdotcham`
--
ALTER TABLE `chitietdotcham`
  ADD CONSTRAINT `chitietdotcham_ibfk_1` FOREIGN KEY (`tieuchidanhgia_id`) REFERENCES `tieuchidanhgia` (`id`),
  ADD CONSTRAINT `chitietdotcham_ibfk_2` FOREIGN KEY (`thongtindotchamdiem_id`) REFERENCES `thongtindotchamdiem` (`id`);

--
-- Các ràng buộc cho bảng `chuthichtieuchi`
--
ALTER TABLE `chuthichtieuchi`
  ADD CONSTRAINT `chuthichtieuchi_ibfk_1` FOREIGN KEY (`tieuchidanhgia_id`) REFERENCES `tieuchidanhgia` (`id`);

--
-- Các ràng buộc cho bảng `diemrenluyensinhvien`
--
ALTER TABLE `diemrenluyensinhvien`
  ADD CONSTRAINT `diemrenluyensinhvien_ibfk_1` FOREIGN KEY (`hocki_id`) REFERENCES `hocky` (`Id`),
  ADD CONSTRAINT `diemrenluyensinhvien_ibfk_2` FOREIGN KEY (`sinhvien_id`) REFERENCES `sinhvien` (`id`);

--
-- Các ràng buộc cho bảng `dotchamdiem`
--
ALTER TABLE `dotchamdiem`
  ADD CONSTRAINT `dotchamdiem_ibfk_1` FOREIGN KEY (`hocki_id`) REFERENCES `hocky` (`Id`);

--
-- Các ràng buộc cho bảng `giangvien`
--
ALTER TABLE `giangvien`
  ADD CONSTRAINT `fk_giangvien_khoa` FOREIGN KEY (`khoa_id`) REFERENCES `khoa` (`id`) ON DELETE CASCADE ON UPDATE CASCADE;

--
-- Các ràng buộc cho bảng `lop`
--
ALTER TABLE `lop`
  ADD CONSTRAINT `lop_ibfk_1` FOREIGN KEY (`covan_id`) REFERENCES `giangvien` (`id`),
  ADD CONSTRAINT `lops_khoa_id_foreign` FOREIGN KEY (`khoa_id`) REFERENCES `khoa` (`id`) ON DELETE CASCADE;

--
-- Các ràng buộc cho bảng `sinhvien`
--
ALTER TABLE `sinhvien`
  ADD CONSTRAINT `sinhviens_lop_id_foreign` FOREIGN KEY (`lop_id`) REFERENCES `lop` (`id`) ON DELETE CASCADE;

--
-- Các ràng buộc cho bảng `thongtindotchamdiem`
--
ALTER TABLE `thongtindotchamdiem`
  ADD CONSTRAINT `thongtindotchamdiem_ibfk_1` FOREIGN KEY (`dotchamdiem_id`) REFERENCES `dotchamdiem` (`id`),
  ADD CONSTRAINT `thongtindotchamdiem_ibfk_3` FOREIGN KEY (`sinhvien_id`) REFERENCES `sinhvien` (`id`);
COMMIT;

/*!40101 SET CHARACTER_SET_CLIENT=@OLD_CHARACTER_SET_CLIENT */;
/*!40101 SET CHARACTER_SET_RESULTS=@OLD_CHARACTER_SET_RESULTS */;
/*!40101 SET COLLATION_CONNECTION=@OLD_COLLATION_CONNECTION */;
